<?xml version = '1.0' encoding = 'UTF-8'?>
<Table class="oracle.dbtools.crest.model.design.relational.Table" directorySegmentName="seg_0" id="6E6E4B2B-54EA-FA7F-A20F-FC23969B8197" name="LOCATION">
<createdBy>jacob</createdBy>
<createdTime>2024-09-19 15:56:29 UTC</createdTime>
<generatorID>C2740EDD-9FAD-CAF8-3331-0D5274407606</generatorID>
<ownerDesignName>SoftwareEgr</ownerDesignName>
<allowColumnReorder>false</allowColumnReorder>
<existDependencyGenerateInDDl>true</existDependencyGenerateInDDl>
<parsed>true</parsed>
<columns itemClass="oracle.dbtools.crest.model.design.relational.Column">
<Column name="LocationID" id="8A35F727-E731-C838-4880-3D8028E78115">
<createdBy>jacob</createdBy>
<createdTime>2024-09-19 15:56:29 UTC</createdTime>
<generatorID>826FAF63-DE73-DB2F-126D-12A6EC288D0C</generatorID>
<ownerDesignName>SoftwareEgr</ownerDesignName>
<useDomainConstraints>false</useDomainConstraints>
<use>1</use>
<logicalDatatype>LOGDT019</logicalDatatype>
<ownDataTypeParameters>,,</ownDataTypeParameters>
<autoIncrementCycle>false</autoIncrementCycle>
</Column>
<Column name="Building_Name" id="6900F8AD-59FC-0A00-E9FD-94D66E67C48F">
<createdBy>jacob</createdBy>
<createdTime>2024-09-19 15:56:29 UTC</createdTime>
<generatorID>74741621-65B1-2032-47BB-CC84C37BF36C</generatorID>
<ownerDesignName>SoftwareEgr</ownerDesignName>
<nullsAllowed>true</nullsAllowed>
<useDomainConstraints>false</useDomainConstraints>
<use>1</use>
<logicalDatatype>LOGDT024</logicalDatatype>
<dataTypeSize>MAX_STRING_SIZE</dataTypeSize>
<ownDataTypeParameters>MAX_STRING_SIZE,,</ownDataTypeParameters>
<autoIncrementCycle>false</autoIncrementCycle>
</Column>
<Column name="Room_Number" id="35568BE9-179E-E5E5-9233-6EC65D80B3AB">
<createdBy>jacob</createdBy>
<createdTime>2024-09-19 15:56:29 UTC</createdTime>
<generatorID>2E073B53-EE85-9F71-FA72-2C15BBA119D3</generatorID>
<ownerDesignName>SoftwareEgr</ownerDesignName>
<nullsAllowed>true</nullsAllowed>
<useDomainConstraints>false</useDomainConstraints>
<use>1</use>
<logicalDatatype>LOGDT019</logicalDatatype>
<ownDataTypeParameters>,,</ownDataTypeParameters>
<autoIncrementCycle>false</autoIncrementCycle>
</Column>
<Column name="RoomDetails" id="3989E85C-B778-582D-80A9-DCFF1C344083">
<createdBy>jacob</createdBy>
<createdTime>2024-09-19 15:56:29 UTC</createdTime>
<generatorID>9AAB2D28-56D5-F7FD-EEA2-5C36FC4B0D5A</generatorID>
<ownerDesignName>SoftwareEgr</ownerDesignName>
<nullsAllowed>true</nullsAllowed>
<useDomainConstraints>false</useDomainConstraints>
<use>1</use>
<logicalDatatype>LOGDT024</logicalDatatype>
<dataTypeSize>64 BYTE</dataTypeSize>
<ownDataTypeParameters>64 BYTE,,</ownDataTypeParameters>
<autoIncrementCycle>false</autoIncrementCycle>
</Column>
</columns>
<indexes itemClass="oracle.dbtools.crest.model.design.relational.Index">
<ind_PK_UK id="18BC136F-8A73-C4AE-701D-60BA16AD0418" name="Location_PK">
<createdBy>jacob</createdBy>
<createdTime>2024-09-19 15:56:29 UTC</createdTime>
<generatorID>33934D01-A70B-BE89-994E-9EC2C78A3B0D</generatorID>
<ownerDesignName>SoftwareEgr</ownerDesignName>
<pk>true</pk>
<indexState>Primary Constraint</indexState>
<isSurrogateKey>false</isSurrogateKey>
<indexColumnUsage>
<colUsage columnID="8A35F727-E731-C838-4880-3D8028E78115"/>
</indexColumnUsage>
</ind_PK_UK>
</indexes>
</Table>