<?xml version = '1.0' encoding = 'UTF-8'?>
<Table class="oracle.dbtools.crest.model.design.relational.Table" directorySegmentName="seg_0" id="96E7C903-F9F0-1C46-82C4-9090504F1A94" name="KWN_ENTITY">
<createdBy>jacob</createdBy>
<createdTime>2024-09-19 15:56:29 UTC</createdTime>
<generatorID>DE9A6BE9-B22F-FBFD-B81E-4FB26B79B5C6</generatorID>
<ownerDesignName>SoftwareEgr</ownerDesignName>
<allowColumnReorder>false</allowColumnReorder>
<existDependencyGenerateInDDl>true</existDependencyGenerateInDDl>
<parsed>true</parsed>
<columns itemClass="oracle.dbtools.crest.model.design.relational.Column">
<Column name="EntityID" id="EAF6E4E3-355E-3872-4C84-D1BFA2FD2900">
<createdBy>jacob</createdBy>
<createdTime>2024-09-19 15:56:29 UTC</createdTime>
<generatorID>1B07CD4B-273F-A014-E160-9A1BFB9344BF</generatorID>
<ownerDesignName>SoftwareEgr</ownerDesignName>
<useDomainConstraints>false</useDomainConstraints>
<use>1</use>
<logicalDatatype>LOGDT019</logicalDatatype>
<ownDataTypeParameters>,,</ownDataTypeParameters>
<autoIncrementCycle>false</autoIncrementCycle>
</Column>
<Column name="EntityType" id="735FA719-DAB1-7A92-EED0-2F1E56D861BA">
<createdBy>jacob</createdBy>
<createdTime>2024-09-19 15:56:29 UTC</createdTime>
<generatorID>46D80FB4-5CA2-8A27-2EBD-3852EAFEEBC1</generatorID>
<ownerDesignName>SoftwareEgr</ownerDesignName>
<nullsAllowed>true</nullsAllowed>
<useDomainConstraints>false</useDomainConstraints>
<use>1</use>
<logicalDatatype>LOGDT024</logicalDatatype>
<dataTypeSize>MAX_STRING_SIZE</dataTypeSize>
<ownDataTypeParameters>MAX_STRING_SIZE,,</ownDataTypeParameters>
<autoIncrementCycle>false</autoIncrementCycle>
</Column>
<Column name="EntityOrigin" id="89DADA69-D58A-B922-7A73-805F4823A830">
<createdBy>jacob</createdBy>
<createdTime>2024-09-19 15:56:29 UTC</createdTime>
<generatorID>1C7D1142-7B9D-2407-770B-431E631ED6B3</generatorID>
<ownerDesignName>SoftwareEgr</ownerDesignName>
<nullsAllowed>true</nullsAllowed>
<useDomainConstraints>false</useDomainConstraints>
<use>1</use>
<logicalDatatype>LOGDT024</logicalDatatype>
<dataTypeSize>MAX_STRING_SIZE BYTE</dataTypeSize>
<ownDataTypeParameters>MAX_STRING_SIZE BYTE,,</ownDataTypeParameters>
<autoIncrementCycle>false</autoIncrementCycle>
</Column>
<Column name="EntityAbilities" id="78675A58-E569-BDA5-C9E2-99C0B9BECE05">
<createdBy>jacob</createdBy>
<createdTime>2024-09-19 15:56:29 UTC</createdTime>
<generatorID>38BD38F8-E72B-68DB-954F-192314EC2492</generatorID>
<ownerDesignName>SoftwareEgr</ownerDesignName>
<nullsAllowed>true</nullsAllowed>
<useDomainConstraints>false</useDomainConstraints>
<use>1</use>
<logicalDatatype>LOGDT024</logicalDatatype>
<dataTypeSize>MAX_STRING_SIZE BYTE</dataTypeSize>
<ownDataTypeParameters>MAX_STRING_SIZE BYTE,,</ownDataTypeParameters>
<autoIncrementCycle>false</autoIncrementCycle>
</Column>
<Column name="EntityBehavior" id="7C641F59-77A5-08B4-B3BA-C47ACD4F74C4">
<createdBy>jacob</createdBy>
<createdTime>2024-09-19 15:56:29 UTC</createdTime>
<generatorID>56EB43A6-DFD3-2F45-AD88-13BCB6FE9FEB</generatorID>
<ownerDesignName>SoftwareEgr</ownerDesignName>
<nullsAllowed>true</nullsAllowed>
<useDomainConstraints>false</useDomainConstraints>
<use>1</use>
<logicalDatatype>LOGDT024</logicalDatatype>
<dataTypeSize>MAX_STRING_SIZE BYTE</dataTypeSize>
<ownDataTypeParameters>MAX_STRING_SIZE BYTE,,</ownDataTypeParameters>
<autoIncrementCycle>false</autoIncrementCycle>
</Column>
<Column name="EntityAppearance" id="5DD463F1-E57F-835F-FD96-C9D6AB0F649F">
<createdBy>jacob</createdBy>
<createdTime>2024-09-19 15:56:29 UTC</createdTime>
<generatorID>95377407-8C69-6580-2915-EF373DD9778C</generatorID>
<ownerDesignName>SoftwareEgr</ownerDesignName>
<nullsAllowed>true</nullsAllowed>
<useDomainConstraints>false</useDomainConstraints>
<use>1</use>
<logicalDatatype>LOGDT024</logicalDatatype>
<dataTypeSize>MAX_STRING_SIZE BYTE</dataTypeSize>
<ownDataTypeParameters>MAX_STRING_SIZE BYTE,,</ownDataTypeParameters>
<autoIncrementCycle>false</autoIncrementCycle>
</Column>
<Column name="EntityEvidenceEMF5" id="96EDE976-409E-78AF-DF07-78973648D6A5">
<createdBy>jacob</createdBy>
<createdTime>2024-09-19 15:56:29 UTC</createdTime>
<generatorID>8B42B354-6B3C-9684-56AF-7B47BB3D381F</generatorID>
<ownerDesignName>SoftwareEgr</ownerDesignName>
<nullsAllowed>true</nullsAllowed>
<useDomainConstraints>false</useDomainConstraints>
<use>1</use>
<logicalDatatype>LOGDT006</logicalDatatype>
<dataTypeSize>1</dataTypeSize>
<ownDataTypeParameters>1,,</ownDataTypeParameters>
<autoIncrementCycle>false</autoIncrementCycle>
</Column>
<Column name="EntityEvidenceGhostOrbs" id="B49AC444-D3BB-837E-326A-CC3AE3F028DC">
<createdBy>jacob</createdBy>
<createdTime>2024-09-19 15:56:29 UTC</createdTime>
<generatorID>A5006004-4C57-FE5F-5F01-3967B5E69BAC</generatorID>
<ownerDesignName>SoftwareEgr</ownerDesignName>
<nullsAllowed>true</nullsAllowed>
<useDomainConstraints>false</useDomainConstraints>
<use>1</use>
<logicalDatatype>LOGDT006</logicalDatatype>
<dataTypeSize>1</dataTypeSize>
<ownDataTypeParameters>1,,</ownDataTypeParameters>
<autoIncrementCycle>false</autoIncrementCycle>
</Column>
<Column name="EntityEvidenceSpiritBox" id="AB796FBD-1262-E935-CB50-9588CE80A33F">
<createdBy>jacob</createdBy>
<createdTime>2024-09-19 15:56:29 UTC</createdTime>
<generatorID>20E0D394-FB73-134D-E48E-8F51DEFF312E</generatorID>
<ownerDesignName>SoftwareEgr</ownerDesignName>
<nullsAllowed>true</nullsAllowed>
<useDomainConstraints>false</useDomainConstraints>
<use>1</use>
<logicalDatatype>LOGDT006</logicalDatatype>
<dataTypeSize>1</dataTypeSize>
<ownDataTypeParameters>1,,</ownDataTypeParameters>
<autoIncrementCycle>false</autoIncrementCycle>
</Column>
<Column name="EntityEvidenceFreezingTemp" id="14C2061A-FEDE-4474-543B-9D2BCA3BF66C">
<createdBy>jacob</createdBy>
<createdTime>2024-09-19 15:56:29 UTC</createdTime>
<generatorID>95B4B7C1-3D39-2594-AEAD-A1305B84390C</generatorID>
<ownerDesignName>SoftwareEgr</ownerDesignName>
<nullsAllowed>true</nullsAllowed>
<useDomainConstraints>false</useDomainConstraints>
<use>1</use>
<logicalDatatype>LOGDT006</logicalDatatype>
<dataTypeSize>1</dataTypeSize>
<ownDataTypeParameters>1,,</ownDataTypeParameters>
<autoIncrementCycle>false</autoIncrementCycle>
</Column>
<Column name="EntityEvidenceUV" id="41963EC4-8750-A024-0457-D89683AFC2C1">
<createdBy>jacob</createdBy>
<createdTime>2024-09-19 15:56:29 UTC</createdTime>
<generatorID>CBE9330C-1C93-CCFB-6A42-0D3F25070345</generatorID>
<ownerDesignName>SoftwareEgr</ownerDesignName>
<nullsAllowed>true</nullsAllowed>
<useDomainConstraints>false</useDomainConstraints>
<use>1</use>
<logicalDatatype>LOGDT006</logicalDatatype>
<dataTypeSize>1</dataTypeSize>
<ownDataTypeParameters>1,,</ownDataTypeParameters>
<autoIncrementCycle>false</autoIncrementCycle>
</Column>
<Column name="EntityEvidenceGhostWriting" id="E5157909-EB1E-7850-1502-7FB08A298086">
<createdBy>jacob</createdBy>
<createdTime>2024-09-19 15:56:29 UTC</createdTime>
<generatorID>C17BC1ED-B136-6AE6-28A1-D681D47D0901</generatorID>
<ownerDesignName>SoftwareEgr</ownerDesignName>
<nullsAllowed>true</nullsAllowed>
<useDomainConstraints>false</useDomainConstraints>
<use>1</use>
<logicalDatatype>LOGDT006</logicalDatatype>
<dataTypeSize>1</dataTypeSize>
<ownDataTypeParameters>1,,</ownDataTypeParameters>
<autoIncrementCycle>false</autoIncrementCycle>
</Column>
<Column name="EntityEvidenceDOTS" id="09A3B19C-AA64-CAFF-F86A-8B27D8D41759">
<createdBy>jacob</createdBy>
<createdTime>2024-09-19 15:56:29 UTC</createdTime>
<generatorID>6632E398-D4B0-8FBB-FC5B-B38DF14F45C5</generatorID>
<ownerDesignName>SoftwareEgr</ownerDesignName>
<nullsAllowed>true</nullsAllowed>
<useDomainConstraints>false</useDomainConstraints>
<use>1</use>
<logicalDatatype>LOGDT006</logicalDatatype>
<dataTypeSize>1</dataTypeSize>
<ownDataTypeParameters>1,,</ownDataTypeParameters>
<autoIncrementCycle>false</autoIncrementCycle>
</Column>
</columns>
<indexes itemClass="oracle.dbtools.crest.model.design.relational.Index">
<ind_PK_UK id="9DD9D309-31AD-4557-83B5-DA30A5963CC1" name="Known_Entities_PK">
<createdBy>jacob</createdBy>
<createdTime>2024-09-19 15:56:29 UTC</createdTime>
<generatorID>DF56879D-67CE-281B-A3AA-679E0D59DE68</generatorID>
<ownerDesignName>SoftwareEgr</ownerDesignName>
<pk>true</pk>
<indexState>Primary Constraint</indexState>
<isSurrogateKey>false</isSurrogateKey>
<indexColumnUsage>
<colUsage columnID="EAF6E4E3-355E-3872-4C84-D1BFA2FD2900"/>
</indexColumnUsage>
</ind_PK_UK>
</indexes>
</Table>