<?xml version = '1.0' encoding = 'UTF-8'?>
<Table class="oracle.dbtools.crest.model.design.relational.Table" directorySegmentName="seg_0" id="AD00BBFB-C21A-2297-0C3C-694E2189222F" name="RPT_ENTITY">
<createdBy>jacob</createdBy>
<createdTime>2024-09-19 15:56:29 UTC</createdTime>
<generatorID>B93CABB6-39AC-22EF-9718-A558CF58BF19</generatorID>
<ownerDesignName>SoftwareEgr</ownerDesignName>
<allowColumnReorder>false</allowColumnReorder>
<existDependencyGenerateInDDl>true</existDependencyGenerateInDDl>
<parsed>true</parsed>
<columns itemClass="oracle.dbtools.crest.model.design.relational.Column">
<Column name="ReportedEntityID" id="2C3E6AD5-E60F-F3EA-6BE0-107AD0ADD733">
<createdBy>jacob</createdBy>
<createdTime>2024-09-19 15:56:29 UTC</createdTime>
<generatorID>444C87DE-CAB6-FA9E-74EF-722F61F8D3C6</generatorID>
<ownerDesignName>SoftwareEgr</ownerDesignName>
<useDomainConstraints>false</useDomainConstraints>
<use>1</use>
<logicalDatatype>LOGDT019</logicalDatatype>
<ownDataTypeParameters>,,</ownDataTypeParameters>
<autoIncrementCycle>false</autoIncrementCycle>
</Column>
<Column name="KWN_ENTITY_EntityID" id="837A5D2F-E8BF-4F77-2CA6-169A22E2F343">
<createdBy>jacob</createdBy>
<createdTime>2024-09-19 15:56:29 UTC</createdTime>
<generatorID>C4EB84A4-EA0B-F379-8056-505DA0DF0996</generatorID>
<ownerDesignName>SoftwareEgr</ownerDesignName>
<useDomainConstraints>false</useDomainConstraints>
<use>1</use>
<logicalDatatype>LOGDT019</logicalDatatype>
<ownDataTypeParameters>,,</ownDataTypeParameters>
<previousColumn>false</previousColumn>
<autoIncrementCycle>false</autoIncrementCycle>
<associations>
<colAssociation fkAssociation="2786A5B9-CC26-2DE1-A9B2-34F4A311C647" referredColumn="EAF6E4E3-355E-3872-4C84-D1BFA2FD2900"/>
</associations>
</Column>
<Column name="LOCATION_LocationID" id="E91A463F-E7E9-E7BE-6B24-6E841C5B3533">
<createdBy>jacob</createdBy>
<createdTime>2024-09-19 15:56:29 UTC</createdTime>
<generatorID>893C6F1D-E69B-5FDF-B56B-200CD1722826</generatorID>
<ownerDesignName>SoftwareEgr</ownerDesignName>
<useDomainConstraints>false</useDomainConstraints>
<use>1</use>
<logicalDatatype>LOGDT019</logicalDatatype>
<ownDataTypeParameters>,,</ownDataTypeParameters>
<previousColumn>false</previousColumn>
<autoIncrementCycle>false</autoIncrementCycle>
<associations>
<colAssociation fkAssociation="F42D8CF2-7AA2-193C-0F46-5C5A038588F9" referredColumn="8A35F727-E731-C838-4880-3D8028E78115"/>
</associations>
</Column>
<Column name="ConfirmedAbilities" id="CD859C87-42A0-9C1A-64CA-CC2D393B891C">
<createdBy>jacob</createdBy>
<createdTime>2024-09-19 15:56:29 UTC</createdTime>
<generatorID>C6F077F5-DA3A-7B2D-AF15-D09FCF486F94</generatorID>
<ownerDesignName>SoftwareEgr</ownerDesignName>
<nullsAllowed>true</nullsAllowed>
<useDomainConstraints>false</useDomainConstraints>
<use>1</use>
<logicalDatatype>LOGDT040</logicalDatatype>
<ownDataTypeParameters>,,</ownDataTypeParameters>
<autoIncrementCycle>false</autoIncrementCycle>
</Column>
<Column name="ConfirmedAppearance" id="F43755A9-4D05-2F21-B307-9463E7A6FC2B">
<createdBy>jacob</createdBy>
<createdTime>2024-09-19 15:56:29 UTC</createdTime>
<generatorID>EB34BED3-881A-205B-BDD3-B82DDA52AEE8</generatorID>
<ownerDesignName>SoftwareEgr</ownerDesignName>
<nullsAllowed>true</nullsAllowed>
<useDomainConstraints>false</useDomainConstraints>
<use>1</use>
<logicalDatatype>LOGDT024</logicalDatatype>
<dataTypeSize>MAX_STRING_SIZE BYTE</dataTypeSize>
<ownDataTypeParameters>MAX_STRING_SIZE BYTE,,</ownDataTypeParameters>
<autoIncrementCycle>false</autoIncrementCycle>
</Column>
<Column name="ConfirmedBehavior" id="A81EAFD8-0DB8-B0B8-1F9F-8918AF30AF19">
<createdBy>jacob</createdBy>
<createdTime>2024-09-19 15:56:29 UTC</createdTime>
<generatorID>B138E11F-7388-94C0-8A8E-797AAD43382C</generatorID>
<ownerDesignName>SoftwareEgr</ownerDesignName>
<nullsAllowed>true</nullsAllowed>
<useDomainConstraints>false</useDomainConstraints>
<use>1</use>
<logicalDatatype>LOGDT040</logicalDatatype>
<ownDataTypeParameters>,,</ownDataTypeParameters>
<autoIncrementCycle>false</autoIncrementCycle>
</Column>
<Column name="EntityEvidenceEMF5" id="885941CF-5D52-D5D8-780F-D4C5793E6F99">
<createdBy>jacob</createdBy>
<createdTime>2024-09-19 15:56:29 UTC</createdTime>
<generatorID>07700C6D-0FB3-3E95-F13C-BB4CC3CCD2A5</generatorID>
<ownerDesignName>SoftwareEgr</ownerDesignName>
<nullsAllowed>true</nullsAllowed>
<useDomainConstraints>false</useDomainConstraints>
<use>1</use>
<logicalDatatype>LOGDT006</logicalDatatype>
<dataTypeSize>1</dataTypeSize>
<ownDataTypeParameters>1,,</ownDataTypeParameters>
<autoIncrementCycle>false</autoIncrementCycle>
</Column>
<Column name="EntityEvidenceGhostOrbs" id="3CAB4EA6-4AE0-C620-43F9-2112A6177C35">
<createdBy>jacob</createdBy>
<createdTime>2024-09-19 15:56:29 UTC</createdTime>
<generatorID>6BDFBDDC-7C94-F1E9-96CC-6E7E01E88168</generatorID>
<ownerDesignName>SoftwareEgr</ownerDesignName>
<nullsAllowed>true</nullsAllowed>
<useDomainConstraints>false</useDomainConstraints>
<use>1</use>
<logicalDatatype>LOGDT006</logicalDatatype>
<dataTypeSize>1</dataTypeSize>
<ownDataTypeParameters>1,,</ownDataTypeParameters>
<autoIncrementCycle>false</autoIncrementCycle>
</Column>
<Column name="EntityEvidenceSpiritBox" id="2D003A6F-0AC4-09A4-92B9-C6CA53548BD3">
<createdBy>jacob</createdBy>
<createdTime>2024-09-19 15:56:29 UTC</createdTime>
<generatorID>CAE9EE69-4F02-0E79-29BA-1CFC376EA6C2</generatorID>
<ownerDesignName>SoftwareEgr</ownerDesignName>
<nullsAllowed>true</nullsAllowed>
<useDomainConstraints>false</useDomainConstraints>
<use>1</use>
<logicalDatatype>LOGDT006</logicalDatatype>
<dataTypeSize>1</dataTypeSize>
<ownDataTypeParameters>1,,</ownDataTypeParameters>
<autoIncrementCycle>false</autoIncrementCycle>
</Column>
<Column name="EntityEvidenceFreezingTemp" id="DB6EE205-ABA4-E02B-B991-A0B3576876F6">
<createdBy>jacob</createdBy>
<createdTime>2024-09-19 15:56:29 UTC</createdTime>
<generatorID>0C17D353-C543-A336-D7AA-A8A09FAA70AF</generatorID>
<ownerDesignName>SoftwareEgr</ownerDesignName>
<nullsAllowed>true</nullsAllowed>
<useDomainConstraints>false</useDomainConstraints>
<use>1</use>
<logicalDatatype>LOGDT006</logicalDatatype>
<dataTypeSize>1</dataTypeSize>
<ownDataTypeParameters>1,,</ownDataTypeParameters>
<autoIncrementCycle>false</autoIncrementCycle>
</Column>
<Column name="EntityEvidenceUV" id="36029E4E-597A-A760-0E91-9A104B5BDB2A">
<createdBy>jacob</createdBy>
<createdTime>2024-09-19 15:56:29 UTC</createdTime>
<generatorID>805488ED-5758-241F-7B19-3C404D09EF1F</generatorID>
<ownerDesignName>SoftwareEgr</ownerDesignName>
<nullsAllowed>true</nullsAllowed>
<useDomainConstraints>false</useDomainConstraints>
<use>1</use>
<logicalDatatype>LOGDT006</logicalDatatype>
<dataTypeSize>1</dataTypeSize>
<ownDataTypeParameters>1,,</ownDataTypeParameters>
<autoIncrementCycle>false</autoIncrementCycle>
</Column>
<Column name="EntityEvidenceGhostWriting" id="1F0B57B1-A0EF-6663-2DDE-660BED71B098">
<createdBy>jacob</createdBy>
<createdTime>2024-09-19 15:56:29 UTC</createdTime>
<generatorID>9A2CE928-4F8E-5CFF-412D-42A1853A6114</generatorID>
<ownerDesignName>SoftwareEgr</ownerDesignName>
<nullsAllowed>true</nullsAllowed>
<useDomainConstraints>false</useDomainConstraints>
<use>1</use>
<logicalDatatype>LOGDT006</logicalDatatype>
<dataTypeSize>1</dataTypeSize>
<ownDataTypeParameters>1,,</ownDataTypeParameters>
<autoIncrementCycle>false</autoIncrementCycle>
</Column>
<Column name="EntityEvidenceDOTS" id="7FA3BF02-A467-FD57-6F90-EC7BF157F83B">
<createdBy>jacob</createdBy>
<createdTime>2024-09-19 15:56:29 UTC</createdTime>
<generatorID>E14115A1-C393-B631-EA13-E1B537F4B700</generatorID>
<ownerDesignName>SoftwareEgr</ownerDesignName>
<nullsAllowed>true</nullsAllowed>
<useDomainConstraints>false</useDomainConstraints>
<use>1</use>
<logicalDatatype>LOGDT006</logicalDatatype>
<dataTypeSize>1</dataTypeSize>
<ownDataTypeParameters>1,,</ownDataTypeParameters>
<autoIncrementCycle>false</autoIncrementCycle>
</Column>
</columns>
<indexes itemClass="oracle.dbtools.crest.model.design.relational.Index">
<ind_PK_UK id="8E57A558-73F7-E79B-571E-F15D0F1B0DE6" name="Reported_Entities_PK">
<createdBy>jacob</createdBy>
<createdTime>2024-09-19 15:56:29 UTC</createdTime>
<generatorID>C3C6E0B7-2C01-432D-0961-BCEDBFEDD2C3</generatorID>
<ownerDesignName>SoftwareEgr</ownerDesignName>
<pk>true</pk>
<indexState>Primary Constraint</indexState>
<isSurrogateKey>false</isSurrogateKey>
<indexColumnUsage>
<colUsage columnID="2C3E6AD5-E60F-F3EA-6BE0-107AD0ADD733"/>
</indexColumnUsage>
</ind_PK_UK>
<ind_PK_UK id="E075554C-A027-E105-CBE0-1E7FA7B87BE4" name="RPT_ENTITY_LOCATION_FK">
<createdBy>jacob</createdBy>
<createdTime>2024-09-19 15:56:29 UTC</createdTime>
<generatorID>4E5FE4AA-ADE9-081B-B898-FCE0CEFFD76B</generatorID>
<ownerDesignName>SoftwareEgr</ownerDesignName>
<indexState>Foreign Key</indexState>
<isSurrogateKey>false</isSurrogateKey>
<indexColumnUsage>
<colUsage columnID="E91A463F-E7E9-E7BE-6B24-6E841C5B3533"/>
</indexColumnUsage>
</ind_PK_UK>
<ind_PK_UK id="8D20B873-7132-FB0A-3D7D-6E86CBE39734" name="RPT_ENTITY_KWN_ENTITY_FK">
<createdBy>jacob</createdBy>
<createdTime>2024-09-19 15:56:29 UTC</createdTime>
<generatorID>919FFA31-DFE5-2DA5-B6D9-96A14FF98A82</generatorID>
<ownerDesignName>SoftwareEgr</ownerDesignName>
<indexState>Foreign Key</indexState>
<isSurrogateKey>false</isSurrogateKey>
<indexColumnUsage>
<colUsage columnID="837A5D2F-E8BF-4F77-2CA6-169A22E2F343"/>
</indexColumnUsage>
</ind_PK_UK>
</indexes>
</Table>