<?xml version = '1.0' encoding = 'UTF-8'?>
<Table class="oracle.dbtools.crest.model.design.relational.Table" directorySegmentName="seg_0" id="C62032D0-35EA-49E3-E103-33A8FBDDF936" name="REPORT">
<createdBy>jacob</createdBy>
<createdTime>2024-09-19 15:56:29 UTC</createdTime>
<generatorID>066DEF7C-3CEC-0218-08BC-CAC954DA1499</generatorID>
<ownerDesignName>SoftwareEgr</ownerDesignName>
<allowColumnReorder>false</allowColumnReorder>
<existDependencyGenerateInDDl>true</existDependencyGenerateInDDl>
<parsed>true</parsed>
<columns itemClass="oracle.dbtools.crest.model.design.relational.Column">
<Column name="ReportID" id="47F88B27-CB45-9280-D4CF-A335235485FB">
<createdBy>jacob</createdBy>
<createdTime>2024-09-19 15:56:29 UTC</createdTime>
<generatorID>4C262C39-2078-77FD-424C-87A720122550</generatorID>
<ownerDesignName>SoftwareEgr</ownerDesignName>
<useDomainConstraints>false</useDomainConstraints>
<use>1</use>
<logicalDatatype>LOGDT019</logicalDatatype>
<ownDataTypeParameters>,,</ownDataTypeParameters>
<autoIncrementCycle>false</autoIncrementCycle>
</Column>
<Column name="RPT_ENTITY_ReportedEntityID" id="124AC1AE-C7BE-F95A-6A06-54A4F533D25D">
<createdBy>jacob</createdBy>
<createdTime>2024-09-19 15:56:29 UTC</createdTime>
<generatorID>BF44613B-FC0D-F22D-45F6-2031E1DACA10</generatorID>
<ownerDesignName>SoftwareEgr</ownerDesignName>
<useDomainConstraints>false</useDomainConstraints>
<use>1</use>
<logicalDatatype>LOGDT019</logicalDatatype>
<ownDataTypeParameters>,,</ownDataTypeParameters>
<previousColumn>false</previousColumn>
<autoIncrementCycle>false</autoIncrementCycle>
<associations>
<colAssociation fkAssociation="7BABB1ED-D093-329D-30CC-BEB727155E8D" referredColumn="2C3E6AD5-E60F-F3EA-6BE0-107AD0ADD733"/>
</associations>
</Column>
<Column name="LOCATION_LocationID" id="6AA89CC5-838C-9B9B-2AB9-469CA6BAC194">
<createdBy>jacob</createdBy>
<createdTime>2024-09-19 15:56:29 UTC</createdTime>
<generatorID>E7E48805-C29C-8A78-E86E-2F162E137184</generatorID>
<ownerDesignName>SoftwareEgr</ownerDesignName>
<useDomainConstraints>false</useDomainConstraints>
<use>1</use>
<logicalDatatype>LOGDT019</logicalDatatype>
<ownDataTypeParameters>,,</ownDataTypeParameters>
<previousColumn>false</previousColumn>
<autoIncrementCycle>false</autoIncrementCycle>
<associations>
<colAssociation fkAssociation="46E34CD4-E929-E39D-51C6-3454B8E3A7BE" referredColumn="8A35F727-E731-C838-4880-3D8028E78115"/>
</associations>
</Column>
<Column name="DateTime" id="40CD407C-0565-54F2-C897-8A93C216EA67">
<createdBy>jacob</createdBy>
<createdTime>2024-09-19 15:56:29 UTC</createdTime>
<generatorID>2D81D22F-51EF-1ACE-9FEC-B4838FFEDC69</generatorID>
<ownerDesignName>SoftwareEgr</ownerDesignName>
<nullsAllowed>true</nullsAllowed>
<useDomainConstraints>false</useDomainConstraints>
<use>1</use>
<logicalDatatype>LOGDT008</logicalDatatype>
<ownDataTypeParameters>,,</ownDataTypeParameters>
<autoIncrementCycle>false</autoIncrementCycle>
</Column>
<Column name="Weather" id="6BD4AD6D-22CA-94E3-0671-C5EEBDB5DDEA">
<createdBy>jacob</createdBy>
<createdTime>2024-09-19 15:56:29 UTC</createdTime>
<generatorID>DF262B81-CD15-C823-AE79-2CA8E937D1DB</generatorID>
<ownerDesignName>SoftwareEgr</ownerDesignName>
<nullsAllowed>true</nullsAllowed>
<useDomainConstraints>false</useDomainConstraints>
<use>1</use>
<logicalDatatype>LOGDT024</logicalDatatype>
<dataTypeSize>MAX_STRING_SIZE BYTE</dataTypeSize>
<ownDataTypeParameters>MAX_STRING_SIZE BYTE,,</ownDataTypeParameters>
<autoIncrementCycle>false</autoIncrementCycle>
</Column>
<Column name="ReportedEvidence" id="0C217804-EB8D-CC4B-71EB-BC491032493F">
<createdBy>jacob</createdBy>
<createdTime>2024-09-19 15:56:29 UTC</createdTime>
<generatorID>D6F86F1B-5FF2-3990-D3FE-E1499B8AC2BB</generatorID>
<ownerDesignName>SoftwareEgr</ownerDesignName>
<nullsAllowed>true</nullsAllowed>
<useDomainConstraints>false</useDomainConstraints>
<use>1</use>
<logicalDatatype>LOGDT024</logicalDatatype>
<dataTypeSize>MAX_STRING_SIZE BYTE</dataTypeSize>
<ownDataTypeParameters>MAX_STRING_SIZE BYTE,,</ownDataTypeParameters>
<autoIncrementCycle>false</autoIncrementCycle>
</Column>
<Column name="ReportedAbilities" id="DAEED05A-C090-1115-CFAC-E03CA9909C8E">
<createdBy>jacob</createdBy>
<createdTime>2024-09-19 15:56:29 UTC</createdTime>
<generatorID>8543F3A7-2545-1DF8-305E-8EDBF7E12DAB</generatorID>
<ownerDesignName>SoftwareEgr</ownerDesignName>
<nullsAllowed>true</nullsAllowed>
<useDomainConstraints>false</useDomainConstraints>
<use>1</use>
<logicalDatatype>LOGDT024</logicalDatatype>
<dataTypeSize>MAX_STRING_SIZE BYTE</dataTypeSize>
<ownDataTypeParameters>MAX_STRING_SIZE BYTE,,</ownDataTypeParameters>
<autoIncrementCycle>false</autoIncrementCycle>
</Column>
<Column name="ReportedBehavior" id="991CE663-0CA5-6590-F98F-B50A50C31D7F">
<createdBy>jacob</createdBy>
<createdTime>2024-09-19 15:56:29 UTC</createdTime>
<generatorID>3CAC087D-5E63-7770-778E-161548EC2D82</generatorID>
<ownerDesignName>SoftwareEgr</ownerDesignName>
<nullsAllowed>true</nullsAllowed>
<useDomainConstraints>false</useDomainConstraints>
<use>1</use>
<logicalDatatype>LOGDT024</logicalDatatype>
<dataTypeSize>MAX_STRING_SIZE BYTE</dataTypeSize>
<ownDataTypeParameters>MAX_STRING_SIZE BYTE,,</ownDataTypeParameters>
<autoIncrementCycle>false</autoIncrementCycle>
</Column>
<Column name="ReportedAppearance" id="D6752F78-5383-005B-D3F1-E9F7CBE9DC5A">
<createdBy>jacob</createdBy>
<createdTime>2024-09-19 15:56:29 UTC</createdTime>
<generatorID>A5EDFA35-6775-D75F-E422-4D6ED51168E4</generatorID>
<ownerDesignName>SoftwareEgr</ownerDesignName>
<nullsAllowed>true</nullsAllowed>
<useDomainConstraints>false</useDomainConstraints>
<use>1</use>
<logicalDatatype>LOGDT024</logicalDatatype>
<dataTypeSize>MAX_STRING_SIZE BYTE</dataTypeSize>
<ownDataTypeParameters>MAX_STRING_SIZE BYTE,,</ownDataTypeParameters>
<autoIncrementCycle>false</autoIncrementCycle>
</Column>
<Column name="USER_USERID" id="6D5FF064-58EE-81DC-EA64-2DE6FA1AF9C8">
<createdBy>jacob</createdBy>
<createdTime>2024-10-01 15:02:39 UTC</createdTime>
<generatorID>A3D8DD3D-527B-5DD1-E885-03D52850FD62</generatorID>
<ownerDesignName>SoftwareEgr</ownerDesignName>
<useDomainConstraints>false</useDomainConstraints>
<use>1</use>
<logicalDatatype>LOGDT019</logicalDatatype>
<ownDataTypeParameters>,,</ownDataTypeParameters>
<previousColumn>false</previousColumn>
<autoIncrementCycle>false</autoIncrementCycle>
<associations>
<colAssociation fkAssociation="420DEF38-4E67-FBDD-B7FE-832CE8035B25" referredColumn="B3BF3906-1549-876B-D407-A4E6D9666E26"/>
</associations>
</Column>
<Column name="ReportedPhenomena" id="FB65E6D4-50C2-21CF-6B03-19CC44E68CEF">
<createdBy>jacob</createdBy>
<createdTime>2024-10-01 15:02:39 UTC</createdTime>
<generatorID>205A775E-6728-7573-DC1E-22C3A1C520D2</generatorID>
<ownerDesignName>SoftwareEgr</ownerDesignName>
<nullsAllowed>true</nullsAllowed>
<useDomainConstraints>false</useDomainConstraints>
<use>1</use>
<logicalDatatype>LOGDT024</logicalDatatype>
<dataTypeSize>MAX_STRING_SIZE BYTE</dataTypeSize>
<ownDataTypeParameters>MAX_STRING_SIZE BYTE,,</ownDataTypeParameters>
<autoIncrementCycle>false</autoIncrementCycle>
</Column>
</columns>
<indexes itemClass="oracle.dbtools.crest.model.design.relational.Index">
<ind_PK_UK id="409A1DED-845A-0DD4-7CFC-C6FFEB4AF0F4" name="Reports_PK">
<createdBy>jacob</createdBy>
<createdTime>2024-09-19 15:56:29 UTC</createdTime>
<generatorID>1F42B957-D45D-9637-59A1-AB70BB20B334</generatorID>
<ownerDesignName>SoftwareEgr</ownerDesignName>
<pk>true</pk>
<indexState>Primary Constraint</indexState>
<isSurrogateKey>false</isSurrogateKey>
<indexColumnUsage>
<colUsage columnID="47F88B27-CB45-9280-D4CF-A335235485FB"/>
</indexColumnUsage>
</ind_PK_UK>
<ind_PK_UK id="FE1577DA-EC5E-95BA-2000-15BF47446DE1" name="REPORT_RPT_ENTITY_FK">
<createdBy>jacob</createdBy>
<createdTime>2024-09-19 15:56:29 UTC</createdTime>
<generatorID>87A0C8FC-D4A6-D01B-8F08-DE63B64262BF</generatorID>
<ownerDesignName>SoftwareEgr</ownerDesignName>
<indexState>Foreign Key</indexState>
<isSurrogateKey>false</isSurrogateKey>
<indexColumnUsage>
<colUsage columnID="124AC1AE-C7BE-F95A-6A06-54A4F533D25D"/>
</indexColumnUsage>
</ind_PK_UK>
<ind_PK_UK id="CE6A13C4-31DB-A638-DE3B-BA5DE9CB425B" name="REPORT_LOCATION_FK">
<createdBy>jacob</createdBy>
<createdTime>2024-09-19 15:56:29 UTC</createdTime>
<generatorID>C13A7B80-C17A-94E9-DA4A-89FA15382EE7</generatorID>
<ownerDesignName>SoftwareEgr</ownerDesignName>
<indexState>Foreign Key</indexState>
<isSurrogateKey>false</isSurrogateKey>
<indexColumnUsage>
<colUsage columnID="6AA89CC5-838C-9B9B-2AB9-469CA6BAC194"/>
</indexColumnUsage>
</ind_PK_UK>
<ind_PK_UK id="3357971E-A8BC-3F49-3398-E07AC5F13C70" name="REPORT_USER_FK">
<createdBy>jacob</createdBy>
<createdTime>2024-10-01 15:02:40 UTC</createdTime>
<generatorID>394E9FA8-DB46-5B5D-51EE-503CAF9F890E</generatorID>
<ownerDesignName>SoftwareEgr</ownerDesignName>
<indexState>Foreign Key</indexState>
<isSurrogateKey>false</isSurrogateKey>
<indexColumnUsage>
<colUsage columnID="6D5FF064-58EE-81DC-EA64-2DE6FA1AF9C8"/>
</indexColumnUsage>
</ind_PK_UK>
</indexes>
</Table>