<?xml version = '1.0' encoding = 'UTF-8'?>
<Table class="oracle.dbtools.crest.model.design.relational.Table" directorySegmentName="seg_0" id="E697A5BA-5606-5C79-F0AB-34E5C2CCD0CF" name="USER">
<createdBy>jacob</createdBy>
<createdTime>2024-10-01 15:02:39 UTC</createdTime>
<generatorID>CA6167E1-707C-8934-4901-681AE80D9AD1</generatorID>
<ownerDesignName>SoftwareEgr</ownerDesignName>
<allowColumnReorder>false</allowColumnReorder>
<existDependencyGenerateInDDl>true</existDependencyGenerateInDDl>
<parsed>true</parsed>
<columns itemClass="oracle.dbtools.crest.model.design.relational.Column">
<Column name="USERID" id="B3BF3906-1549-876B-D407-A4E6D9666E26">
<createdBy>jacob</createdBy>
<createdTime>2024-10-01 15:02:39 UTC</createdTime>
<generatorID>0F692646-4C43-699B-1B95-DDE76791F5CF</generatorID>
<ownerDesignName>SoftwareEgr</ownerDesignName>
<useDomainConstraints>false</useDomainConstraints>
<use>1</use>
<logicalDatatype>LOGDT019</logicalDatatype>
<ownDataTypeParameters>,,</ownDataTypeParameters>
<autoIncrementCycle>false</autoIncrementCycle>
</Column>
<Column name="UserEmail" id="9BA03229-7450-3978-F057-D3414F0B5212">
<createdBy>jacob</createdBy>
<createdTime>2024-10-01 15:02:39 UTC</createdTime>
<generatorID>24DEA6AC-7143-A21F-481B-860348D8DE4A</generatorID>
<ownerDesignName>SoftwareEgr</ownerDesignName>
<nullsAllowed>true</nullsAllowed>
<useDomainConstraints>false</useDomainConstraints>
<use>1</use>
<logicalDatatype>LOGDT024</logicalDatatype>
<dataTypeSize>MAX_STRING_SIZE</dataTypeSize>
<ownDataTypeParameters>MAX_STRING_SIZE,,</ownDataTypeParameters>
<autoIncrementCycle>false</autoIncrementCycle>
</Column>
</columns>
<indexes itemClass="oracle.dbtools.crest.model.design.relational.Index">
<ind_PK_UK id="EFC3EDD7-0F60-5431-71AB-3C7F73C54980" name="User_PK">
<createdBy>jacob</createdBy>
<createdTime>2024-10-01 15:02:39 UTC</createdTime>
<generatorID>CBF8C27C-C36F-D5A5-1E35-4AE649D4BED1</generatorID>
<ownerDesignName>SoftwareEgr</ownerDesignName>
<pk>true</pk>
<indexState>Primary Constraint</indexState>
<isSurrogateKey>false</isSurrogateKey>
<indexColumnUsage>
<colUsage columnID="B3BF3906-1549-876B-D407-A4E6D9666E26"/>
</indexColumnUsage>
</ind_PK_UK>
</indexes>
</Table>