<?xml version = '1.0' encoding = 'UTF-8'?>
<Entity class="oracle.dbtools.crest.model.design.logical.Entity" directorySegmentName="seg_0" id="066DEF7C-3CEC-0218-08BC-CAC954DA1499" name="REPORT">
<createdBy>jacob</createdBy>
<createdTime>2024-09-17 15:07:57 UTC</createdTime>
<ownerDesignName>SoftwareEgr</ownerDesignName>
<engineerTo>
<item key="24742A70-C9D1-27B9-EF30-CA4CA0CF2F4C" value="true"/>
</engineerTo>
<adequatelyNormalized>NO</adequatelyNormalized>
<expectedVolumes>0</expectedVolumes>
<fwdEngineeringStrategyName>Single Table</fwdEngineeringStrategyName>
<growthPercent>0</growthPercent>
<growthType>Year</growthType>
<maxVolumes>9999999</maxVolumes>
<minVolumes>0</minVolumes>
<normalForm>Third</normalForm>
<attributes itemClass="oracle.dbtools.crest.model.design.logical.Attribute">
<Attribute name="ReportID" id="4C262C39-2078-77FD-424C-87A720122550">
<createdBy>jacob</createdBy>
<createdTime>2024-09-17 15:56:16 UTC</createdTime>
<ownerDesignName>SoftwareEgr</ownerDesignName>
<engineerTo>
<item key="24742A70-C9D1-27B9-EF30-CA4CA0CF2F4C" value="true"/>
</engineerTo>
<useDomainConstraints>false</useDomainConstraints>
<use>1</use>
<logicalDatatype>LOGDT019</logicalDatatype>
<ownDataTypeParameters>,,</ownDataTypeParameters>
</Attribute>
<Attribute name="ReportedEntityID" id="BF44613B-FC0D-F22D-45F6-2031E1DACA10">
<createdBy>jacob</createdBy>
<createdTime>2024-09-17 15:57:37 UTC</createdTime>
<generatorID>87A0C8FC-D4A6-D01B-8F08-DE63B64262BF</generatorID>
<ownerDesignName>SoftwareEgr</ownerDesignName>
<engineerTo>
<item key="24742A70-C9D1-27B9-EF30-CA4CA0CF2F4C" value="true"/>
</engineerTo>
<referedAttribute>444C87DE-CAB6-FA9E-74EF-722F61F8D3C6</referedAttribute>
<useDomainConstraints>false</useDomainConstraints>
<use>1</use>
<logicalDatatype>LOGDT019</logicalDatatype>
<ownDataTypeParameters>,,</ownDataTypeParameters>
</Attribute>
<Attribute name="LocationID" id="E7E48805-C29C-8A78-E86E-2F162E137184">
<createdBy>jacob</createdBy>
<createdTime>2024-09-19 15:54:46 UTC</createdTime>
<generatorID>C13A7B80-C17A-94E9-DA4A-89FA15382EE7</generatorID>
<ownerDesignName>SoftwareEgr</ownerDesignName>
<engineerTo>
<item key="24742A70-C9D1-27B9-EF30-CA4CA0CF2F4C" value="true"/>
</engineerTo>
<referedAttribute>826FAF63-DE73-DB2F-126D-12A6EC288D0C</referedAttribute>
<useDomainConstraints>false</useDomainConstraints>
<use>1</use>
<logicalDatatype>LOGDT019</logicalDatatype>
<ownDataTypeParameters>,,</ownDataTypeParameters>
</Attribute>
<Attribute name="USERID" id="A3D8DD3D-527B-5DD1-E885-03D52850FD62">
<createdBy>jacob</createdBy>
<createdTime>2024-09-26 14:09:16 UTC</createdTime>
<generatorID>394E9FA8-DB46-5B5D-51EE-503CAF9F890E</generatorID>
<ownerDesignName>SoftwareEgr</ownerDesignName>
<engineerTo>
<item key="24742A70-C9D1-27B9-EF30-CA4CA0CF2F4C" value="true"/>
</engineerTo>
<referedAttribute>0F692646-4C43-699B-1B95-DDE76791F5CF</referedAttribute>
<useDomainConstraints>false</useDomainConstraints>
<use>1</use>
<logicalDatatype>LOGDT019</logicalDatatype>
<ownDataTypeParameters>,,</ownDataTypeParameters>
</Attribute>
<Attribute name="DateTime" id="2D81D22F-51EF-1ACE-9FEC-B4838FFEDC69">
<createdBy>jacob</createdBy>
<createdTime>2024-09-19 14:51:21 UTC</createdTime>
<ownerDesignName>SoftwareEgr</ownerDesignName>
<engineerTo>
<item key="24742A70-C9D1-27B9-EF30-CA4CA0CF2F4C" value="true"/>
</engineerTo>
<nullsAllowed>true</nullsAllowed>
<useDomainConstraints>false</useDomainConstraints>
<use>1</use>
<logicalDatatype>LOGDT008</logicalDatatype>
<ownDataTypeParameters>,,</ownDataTypeParameters>
</Attribute>
<Attribute name="Weather" id="DF262B81-CD15-C823-AE79-2CA8E937D1DB">
<createdBy>jacob</createdBy>
<createdTime>2024-09-19 14:51:29 UTC</createdTime>
<ownerDesignName>SoftwareEgr</ownerDesignName>
<engineerTo>
<item key="24742A70-C9D1-27B9-EF30-CA4CA0CF2F4C" value="true"/>
</engineerTo>
<nullsAllowed>true</nullsAllowed>
<useDomainConstraints>false</useDomainConstraints>
<use>1</use>
<logicalDatatype>LOGDT024</logicalDatatype>
<dataTypeSize>MAX_STRING_SIZE BYTE</dataTypeSize>
<ownDataTypeParameters>MAX_STRING_SIZE BYTE,,</ownDataTypeParameters>
</Attribute>
<Attribute name="ReportedEvidence" id="D6F86F1B-5FF2-3990-D3FE-E1499B8AC2BB">
<createdBy>jacob</createdBy>
<createdTime>2024-09-19 14:45:54 UTC</createdTime>
<ownerDesignName>SoftwareEgr</ownerDesignName>
<engineerTo>
<item key="24742A70-C9D1-27B9-EF30-CA4CA0CF2F4C" value="true"/>
</engineerTo>
<nullsAllowed>true</nullsAllowed>
<useDomainConstraints>false</useDomainConstraints>
<use>1</use>
<logicalDatatype>LOGDT024</logicalDatatype>
<dataTypeSize>MAX_STRING_SIZE BYTE</dataTypeSize>
<ownDataTypeParameters>MAX_STRING_SIZE BYTE,,</ownDataTypeParameters>
</Attribute>
<Attribute name="ReportedAbilities" id="8543F3A7-2545-1DF8-305E-8EDBF7E12DAB">
<createdBy>jacob</createdBy>
<createdTime>2024-09-19 14:45:54 UTC</createdTime>
<ownerDesignName>SoftwareEgr</ownerDesignName>
<engineerTo>
<item key="24742A70-C9D1-27B9-EF30-CA4CA0CF2F4C" value="true"/>
</engineerTo>
<nullsAllowed>true</nullsAllowed>
<useDomainConstraints>false</useDomainConstraints>
<use>1</use>
<logicalDatatype>LOGDT024</logicalDatatype>
<dataTypeSize>MAX_STRING_SIZE BYTE</dataTypeSize>
<ownDataTypeParameters>MAX_STRING_SIZE BYTE,,</ownDataTypeParameters>
</Attribute>
<Attribute name="ReportedAppearance" id="A5EDFA35-6775-D75F-E422-4D6ED51168E4">
<createdBy>jacob</createdBy>
<createdTime>2024-09-19 14:45:54 UTC</createdTime>
<ownerDesignName>SoftwareEgr</ownerDesignName>
<engineerTo>
<item key="24742A70-C9D1-27B9-EF30-CA4CA0CF2F4C" value="true"/>
</engineerTo>
<nullsAllowed>true</nullsAllowed>
<useDomainConstraints>false</useDomainConstraints>
<use>1</use>
<logicalDatatype>LOGDT024</logicalDatatype>
<dataTypeSize>MAX_STRING_SIZE BYTE</dataTypeSize>
<ownDataTypeParameters>MAX_STRING_SIZE BYTE,,</ownDataTypeParameters>
</Attribute>
<Attribute name="ReportedBehavior" id="3CAC087D-5E63-7770-778E-161548EC2D82">
<createdBy>jacob</createdBy>
<createdTime>2024-09-19 14:45:54 UTC</createdTime>
<ownerDesignName>SoftwareEgr</ownerDesignName>
<engineerTo>
<item key="24742A70-C9D1-27B9-EF30-CA4CA0CF2F4C" value="true"/>
</engineerTo>
<nullsAllowed>true</nullsAllowed>
<useDomainConstraints>false</useDomainConstraints>
<use>1</use>
<logicalDatatype>LOGDT024</logicalDatatype>
<dataTypeSize>MAX_STRING_SIZE BYTE</dataTypeSize>
<ownDataTypeParameters>MAX_STRING_SIZE BYTE,,</ownDataTypeParameters>
</Attribute>
<Attribute name="ReportedPhenomena" id="205A775E-6728-7573-DC1E-22C3A1C520D2">
<createdBy>jacob</createdBy>
<createdTime>2024-09-19 14:51:50 UTC</createdTime>
<ownerDesignName>SoftwareEgr</ownerDesignName>
<engineerTo>
<item key="24742A70-C9D1-27B9-EF30-CA4CA0CF2F4C" value="true"/>
</engineerTo>
<nullsAllowed>true</nullsAllowed>
<useDomainConstraints>false</useDomainConstraints>
<use>1</use>
<logicalDatatype>LOGDT024</logicalDatatype>
<dataTypeSize>MAX_STRING_SIZE BYTE</dataTypeSize>
<ownDataTypeParameters>MAX_STRING_SIZE BYTE,,</ownDataTypeParameters>
</Attribute>
</attributes>
<identifiers itemClass="oracle.dbtools.crest.model.design.logical.CandidateKey">
<identifier id="1F42B957-D45D-9637-59A1-AB70BB20B334" name="Reports PK">
<createdBy>jacob</createdBy>
<createdTime>2024-09-17 15:56:22 UTC</createdTime>
<ownerDesignName>SoftwareEgr</ownerDesignName>
<shouldEngineer>false</shouldEngineer>
<engineerTo>
<item key="24742A70-C9D1-27B9-EF30-CA4CA0CF2F4C" value="false"/>
</engineerTo>
<pk>true</pk>
<usedAttributes>
<attributeRef>4C262C39-2078-77FD-424C-87A720122550</attributeRef>
</usedAttributes>
</identifier>
</identifiers>
</Entity>