<?xml version = '1.0' encoding = 'UTF-8'?>
<Entity class="oracle.dbtools.crest.model.design.logical.Entity" directorySegmentName="seg_0" id="B93CABB6-39AC-22EF-9718-A558CF58BF19" name="RPT_ENTITY">
<createdBy>jacob</createdBy>
<createdTime>2024-09-17 15:26:17 UTC</createdTime>
<ownerDesignName>SoftwareEgr</ownerDesignName>
<engineerTo>
<item key="24742A70-C9D1-27B9-EF30-CA4CA0CF2F4C" value="true"/>
</engineerTo>
<adequatelyNormalized>NO</adequatelyNormalized>
<expectedVolumes>0</expectedVolumes>
<fwdEngineeringStrategyName>Single Table</fwdEngineeringStrategyName>
<growthPercent>0</growthPercent>
<growthType>Year</growthType>
<maxVolumes>9999999</maxVolumes>
<minVolumes>0</minVolumes>
<normalForm>Third</normalForm>
<attributes itemClass="oracle.dbtools.crest.model.design.logical.Attribute">
<Attribute name="ReportedEntityID" id="444C87DE-CAB6-FA9E-74EF-722F61F8D3C6">
<createdBy>jacob</createdBy>
<createdTime>2024-09-17 15:57:24 UTC</createdTime>
<ownerDesignName>SoftwareEgr</ownerDesignName>
<engineerTo>
<item key="24742A70-C9D1-27B9-EF30-CA4CA0CF2F4C" value="true"/>
</engineerTo>
<useDomainConstraints>false</useDomainConstraints>
<use>1</use>
<logicalDatatype>LOGDT019</logicalDatatype>
<ownDataTypeParameters>,,</ownDataTypeParameters>
</Attribute>
<Attribute name="EntityID" id="C4EB84A4-EA0B-F379-8056-505DA0DF0996">
<createdBy>jacob</createdBy>
<createdTime>2024-09-17 15:56:08 UTC</createdTime>
<generatorID>919FFA31-DFE5-2DA5-B6D9-96A14FF98A82</generatorID>
<ownerDesignName>SoftwareEgr</ownerDesignName>
<engineerTo>
<item key="24742A70-C9D1-27B9-EF30-CA4CA0CF2F4C" value="true"/>
</engineerTo>
<referedAttribute>1B07CD4B-273F-A014-E160-9A1BFB9344BF</referedAttribute>
<useDomainConstraints>false</useDomainConstraints>
<use>1</use>
<logicalDatatype>LOGDT019</logicalDatatype>
<ownDataTypeParameters>,,</ownDataTypeParameters>
</Attribute>
<Attribute name="LocationID" id="893C6F1D-E69B-5FDF-B56B-200CD1722826">
<createdBy>jacob</createdBy>
<createdTime>2024-09-19 15:53:35 UTC</createdTime>
<generatorID>4E5FE4AA-ADE9-081B-B898-FCE0CEFFD76B</generatorID>
<ownerDesignName>SoftwareEgr</ownerDesignName>
<engineerTo>
<item key="24742A70-C9D1-27B9-EF30-CA4CA0CF2F4C" value="true"/>
</engineerTo>
<referedAttribute>826FAF63-DE73-DB2F-126D-12A6EC288D0C</referedAttribute>
<useDomainConstraints>false</useDomainConstraints>
<use>1</use>
<logicalDatatype>LOGDT019</logicalDatatype>
<ownDataTypeParameters>,,</ownDataTypeParameters>
</Attribute>
<Attribute name="ConfirmedAbilities" id="C6F077F5-DA3A-7B2D-AF15-D09FCF486F94">
<createdBy>jacob</createdBy>
<createdTime>2024-09-19 14:44:27 UTC</createdTime>
<ownerDesignName>SoftwareEgr</ownerDesignName>
<engineerTo>
<item key="24742A70-C9D1-27B9-EF30-CA4CA0CF2F4C" value="true"/>
</engineerTo>
<nullsAllowed>true</nullsAllowed>
<useDomainConstraints>false</useDomainConstraints>
<use>1</use>
<logicalDatatype>LOGDT040</logicalDatatype>
<ownDataTypeParameters>,,</ownDataTypeParameters>
</Attribute>
<Attribute name="ConfirmedBehavior" id="B138E11F-7388-94C0-8A8E-797AAD43382C">
<createdBy>jacob</createdBy>
<createdTime>2024-09-19 14:44:42 UTC</createdTime>
<ownerDesignName>SoftwareEgr</ownerDesignName>
<engineerTo>
<item key="24742A70-C9D1-27B9-EF30-CA4CA0CF2F4C" value="true"/>
</engineerTo>
<nullsAllowed>true</nullsAllowed>
<useDomainConstraints>false</useDomainConstraints>
<use>1</use>
<logicalDatatype>LOGDT040</logicalDatatype>
<ownDataTypeParameters>,,</ownDataTypeParameters>
</Attribute>
<Attribute name="ConfirmedAppearance" id="EB34BED3-881A-205B-BDD3-B82DDA52AEE8">
<createdBy>jacob</createdBy>
<createdTime>2024-09-19 14:44:35 UTC</createdTime>
<ownerDesignName>SoftwareEgr</ownerDesignName>
<engineerTo>
<item key="24742A70-C9D1-27B9-EF30-CA4CA0CF2F4C" value="true"/>
</engineerTo>
<nullsAllowed>true</nullsAllowed>
<useDomainConstraints>false</useDomainConstraints>
<use>1</use>
<logicalDatatype>LOGDT024</logicalDatatype>
<dataTypeSize>MAX_STRING_SIZE</dataTypeSize>
<ownDataTypeParameters>MAX_STRING_SIZE,,</ownDataTypeParameters>
</Attribute>
<Attribute name="EntityEvidenceEMF5" id="07700C6D-0FB3-3E95-F13C-BB4CC3CCD2A5">
<createdBy>jacob</createdBy>
<createdTime>2024-09-19 15:48:49 UTC</createdTime>
<ownerDesignName>SoftwareEgr</ownerDesignName>
<engineerTo>
<item key="24742A70-C9D1-27B9-EF30-CA4CA0CF2F4C" value="true"/>
</engineerTo>
<nullsAllowed>true</nullsAllowed>
<useDomainConstraints>false</useDomainConstraints>
<use>1</use>
<logicalDatatype>LOGDT006</logicalDatatype>
<dataTypeSize>1</dataTypeSize>
<ownDataTypeParameters>1,,</ownDataTypeParameters>
</Attribute>
<Attribute name="EntityEvidenceGhostOrbs" id="6BDFBDDC-7C94-F1E9-96CC-6E7E01E88168">
<createdBy>jacob</createdBy>
<createdTime>2024-09-19 15:48:49 UTC</createdTime>
<ownerDesignName>SoftwareEgr</ownerDesignName>
<engineerTo>
<item key="24742A70-C9D1-27B9-EF30-CA4CA0CF2F4C" value="true"/>
</engineerTo>
<nullsAllowed>true</nullsAllowed>
<useDomainConstraints>false</useDomainConstraints>
<use>1</use>
<logicalDatatype>LOGDT006</logicalDatatype>
<dataTypeSize>1</dataTypeSize>
<ownDataTypeParameters>1,,</ownDataTypeParameters>
</Attribute>
<Attribute name="EntityEvidenceSpiritBox" id="CAE9EE69-4F02-0E79-29BA-1CFC376EA6C2">
<createdBy>jacob</createdBy>
<createdTime>2024-09-19 15:48:49 UTC</createdTime>
<ownerDesignName>SoftwareEgr</ownerDesignName>
<engineerTo>
<item key="24742A70-C9D1-27B9-EF30-CA4CA0CF2F4C" value="true"/>
</engineerTo>
<nullsAllowed>true</nullsAllowed>
<useDomainConstraints>false</useDomainConstraints>
<use>1</use>
<logicalDatatype>LOGDT006</logicalDatatype>
<dataTypeSize>1</dataTypeSize>
<ownDataTypeParameters>1,,</ownDataTypeParameters>
</Attribute>
<Attribute name="EntityEvidenceFreezingTemp" id="0C17D353-C543-A336-D7AA-A8A09FAA70AF">
<createdBy>jacob</createdBy>
<createdTime>2024-09-19 15:48:49 UTC</createdTime>
<ownerDesignName>SoftwareEgr</ownerDesignName>
<engineerTo>
<item key="24742A70-C9D1-27B9-EF30-CA4CA0CF2F4C" value="true"/>
</engineerTo>
<nullsAllowed>true</nullsAllowed>
<useDomainConstraints>false</useDomainConstraints>
<use>1</use>
<logicalDatatype>LOGDT006</logicalDatatype>
<dataTypeSize>1</dataTypeSize>
<ownDataTypeParameters>1,,</ownDataTypeParameters>
</Attribute>
<Attribute name="EntityEvidenceUV" id="805488ED-5758-241F-7B19-3C404D09EF1F">
<createdBy>jacob</createdBy>
<createdTime>2024-09-19 15:48:49 UTC</createdTime>
<ownerDesignName>SoftwareEgr</ownerDesignName>
<engineerTo>
<item key="24742A70-C9D1-27B9-EF30-CA4CA0CF2F4C" value="true"/>
</engineerTo>
<nullsAllowed>true</nullsAllowed>
<useDomainConstraints>false</useDomainConstraints>
<use>1</use>
<logicalDatatype>LOGDT006</logicalDatatype>
<dataTypeSize>1</dataTypeSize>
<ownDataTypeParameters>1,,</ownDataTypeParameters>
</Attribute>
<Attribute name="EntityEvidenceGhostWriting" id="9A2CE928-4F8E-5CFF-412D-42A1853A6114">
<createdBy>jacob</createdBy>
<createdTime>2024-09-19 15:48:49 UTC</createdTime>
<ownerDesignName>SoftwareEgr</ownerDesignName>
<engineerTo>
<item key="24742A70-C9D1-27B9-EF30-CA4CA0CF2F4C" value="true"/>
</engineerTo>
<nullsAllowed>true</nullsAllowed>
<useDomainConstraints>false</useDomainConstraints>
<use>1</use>
<logicalDatatype>LOGDT006</logicalDatatype>
<dataTypeSize>1</dataTypeSize>
<ownDataTypeParameters>1,,</ownDataTypeParameters>
</Attribute>
<Attribute name="EntityEvidenceDOTS" id="E14115A1-C393-B631-EA13-E1B537F4B700">
<createdBy>jacob</createdBy>
<createdTime>2024-09-19 15:48:49 UTC</createdTime>
<ownerDesignName>SoftwareEgr</ownerDesignName>
<engineerTo>
<item key="24742A70-C9D1-27B9-EF30-CA4CA0CF2F4C" value="true"/>
</engineerTo>
<nullsAllowed>true</nullsAllowed>
<useDomainConstraints>false</useDomainConstraints>
<use>1</use>
<logicalDatatype>LOGDT006</logicalDatatype>
<dataTypeSize>1</dataTypeSize>
<ownDataTypeParameters>1,,</ownDataTypeParameters>
</Attribute>
</attributes>
<identifiers itemClass="oracle.dbtools.crest.model.design.logical.CandidateKey">
<identifier id="C3C6E0B7-2C01-432D-0961-BCEDBFEDD2C3" name="Reported Entities PK">
<createdBy>jacob</createdBy>
<createdTime>2024-09-17 15:57:33 UTC</createdTime>
<ownerDesignName>SoftwareEgr</ownerDesignName>
<shouldEngineer>false</shouldEngineer>
<engineerTo>
<item key="24742A70-C9D1-27B9-EF30-CA4CA0CF2F4C" value="false"/>
</engineerTo>
<pk>true</pk>
<usedAttributes>
<attributeRef>444C87DE-CAB6-FA9E-74EF-722F61F8D3C6</attributeRef>
</usedAttributes>
</identifier>
</identifiers>
</Entity>