<?xml version = '1.0' encoding = 'UTF-8'?>
<Entity class="oracle.dbtools.crest.model.design.logical.Entity" directorySegmentName="seg_0" id="C2740EDD-9FAD-CAF8-3331-0D5274407606" name="LOCATION">
<createdBy>jacob</createdBy>
<createdTime>2024-09-17 15:10:10 UTC</createdTime>
<ownerDesignName>SoftwareEgr</ownerDesignName>
<engineerTo>
<item key="24742A70-C9D1-27B9-EF30-CA4CA0CF2F4C" value="true"/>
</engineerTo>
<adequatelyNormalized>NO</adequatelyNormalized>
<expectedVolumes>0</expectedVolumes>
<fwdEngineeringStrategyName>Single Table</fwdEngineeringStrategyName>
<growthPercent>0</growthPercent>
<growthType>Year</growthType>
<maxVolumes>9999999</maxVolumes>
<minVolumes>0</minVolumes>
<normalForm>Third</normalForm>
<attributes itemClass="oracle.dbtools.crest.model.design.logical.Attribute">
<Attribute name="LocationID" id="826FAF63-DE73-DB2F-126D-12A6EC288D0C">
<createdBy>jacob</createdBy>
<createdTime>2024-09-17 15:53:41 UTC</createdTime>
<ownerDesignName>SoftwareEgr</ownerDesignName>
<engineerTo>
<item key="24742A70-C9D1-27B9-EF30-CA4CA0CF2F4C" value="true"/>
</engineerTo>
<useDomainConstraints>false</useDomainConstraints>
<use>1</use>
<logicalDatatype>LOGDT019</logicalDatatype>
<ownDataTypeParameters>,,</ownDataTypeParameters>
</Attribute>
<Attribute name="Building Name" id="74741621-65B1-2032-47BB-CC84C37BF36C">
<createdBy>jacob</createdBy>
<createdTime>2024-09-17 15:54:08 UTC</createdTime>
<ownerDesignName>SoftwareEgr</ownerDesignName>
<engineerTo>
<item key="24742A70-C9D1-27B9-EF30-CA4CA0CF2F4C" value="true"/>
</engineerTo>
<nullsAllowed>true</nullsAllowed>
<useDomainConstraints>false</useDomainConstraints>
<use>1</use>
<logicalDatatype>LOGDT024</logicalDatatype>
<dataTypeSize>MAX_STRING_SIZE</dataTypeSize>
<ownDataTypeParameters>MAX_STRING_SIZE,,</ownDataTypeParameters>
</Attribute>
<Attribute name="Room Number" id="2E073B53-EE85-9F71-FA72-2C15BBA119D3">
<createdBy>jacob</createdBy>
<createdTime>2024-09-17 15:54:45 UTC</createdTime>
<ownerDesignName>SoftwareEgr</ownerDesignName>
<engineerTo>
<item key="24742A70-C9D1-27B9-EF30-CA4CA0CF2F4C" value="true"/>
</engineerTo>
<nullsAllowed>true</nullsAllowed>
<useDomainConstraints>false</useDomainConstraints>
<use>1</use>
<logicalDatatype>LOGDT019</logicalDatatype>
<ownDataTypeParameters>,,</ownDataTypeParameters>
</Attribute>
<Attribute name="RoomDetails" id="9AAB2D28-56D5-F7FD-EEA2-5C36FC4B0D5A">
<createdBy>jacob</createdBy>
<createdTime>2024-09-19 15:06:35 UTC</createdTime>
<ownerDesignName>SoftwareEgr</ownerDesignName>
<engineerTo>
<item key="24742A70-C9D1-27B9-EF30-CA4CA0CF2F4C" value="true"/>
</engineerTo>
<nullsAllowed>true</nullsAllowed>
<useDomainConstraints>false</useDomainConstraints>
<use>1</use>
<logicalDatatype>LOGDT024</logicalDatatype>
<dataTypeSize>64 BYTE</dataTypeSize>
<ownDataTypeParameters>64 BYTE,,</ownDataTypeParameters>
</Attribute>
</attributes>
<identifiers itemClass="oracle.dbtools.crest.model.design.logical.CandidateKey">
<identifier id="33934D01-A70B-BE89-994E-9EC2C78A3B0D" name="Location PK">
<createdBy>jacob</createdBy>
<createdTime>2024-09-17 15:53:52 UTC</createdTime>
<ownerDesignName>SoftwareEgr</ownerDesignName>
<shouldEngineer>false</shouldEngineer>
<engineerTo>
<item key="24742A70-C9D1-27B9-EF30-CA4CA0CF2F4C" value="false"/>
</engineerTo>
<pk>true</pk>
<usedAttributes>
<attributeRef>826FAF63-DE73-DB2F-126D-12A6EC288D0C</attributeRef>
</usedAttributes>
</identifier>
</identifiers>
</Entity>