<?xml version = '1.0' encoding = 'UTF-8'?>
<Entity class="oracle.dbtools.crest.model.design.logical.Entity" directorySegmentName="seg_0" id="CA6167E1-707C-8934-4901-681AE80D9AD1" name="USER">
<createdBy>jacob</createdBy>
<createdTime>2024-09-25 14:42:46 UTC</createdTime>
<ownerDesignName>SoftwareEgr</ownerDesignName>
<engineerTo>
<item key="24742A70-C9D1-27B9-EF30-CA4CA0CF2F4C" value="true"/>
</engineerTo>
<adequatelyNormalized>NO</adequatelyNormalized>
<expectedVolumes>0</expectedVolumes>
<fwdEngineeringStrategyName>Single Table</fwdEngineeringStrategyName>
<growthPercent>0</growthPercent>
<growthType>Year</growthType>
<maxVolumes>9999999</maxVolumes>
<minVolumes>0</minVolumes>
<normalForm>Third</normalForm>
<attributes itemClass="oracle.dbtools.crest.model.design.logical.Attribute">
<Attribute name="USERID" id="0F692646-4C43-699B-1B95-DDE76791F5CF">
<createdBy>jacob</createdBy>
<createdTime>2024-09-25 14:42:53 UTC</createdTime>
<ownerDesignName>SoftwareEgr</ownerDesignName>
<engineerTo>
<item key="24742A70-C9D1-27B9-EF30-CA4CA0CF2F4C" value="true"/>
</engineerTo>
<useDomainConstraints>false</useDomainConstraints>
<use>1</use>
<logicalDatatype>LOGDT019</logicalDatatype>
<ownDataTypeParameters>,,</ownDataTypeParameters>
</Attribute>
<Attribute name="UserEmail" id="24DEA6AC-7143-A21F-481B-860348D8DE4A">
<createdBy>jacob</createdBy>
<createdTime>2024-09-25 14:43:04 UTC</createdTime>
<ownerDesignName>SoftwareEgr</ownerDesignName>
<engineerTo>
<item key="24742A70-C9D1-27B9-EF30-CA4CA0CF2F4C" value="true"/>
</engineerTo>
<nullsAllowed>true</nullsAllowed>
<useDomainConstraints>false</useDomainConstraints>
<use>1</use>
<logicalDatatype>LOGDT024</logicalDatatype>
<dataTypeSize>MAX_STRING_SIZE</dataTypeSize>
<ownDataTypeParameters>MAX_STRING_SIZE,,</ownDataTypeParameters>
</Attribute>
</attributes>
<identifiers itemClass="oracle.dbtools.crest.model.design.logical.CandidateKey">
<identifier id="CBF8C27C-C36F-D5A5-1E35-4AE649D4BED1" name="User PK">
<createdBy>jacob</createdBy>
<createdTime>2024-09-25 14:42:57 UTC</createdTime>
<ownerDesignName>SoftwareEgr</ownerDesignName>
<shouldEngineer>false</shouldEngineer>
<engineerTo>
<item key="24742A70-C9D1-27B9-EF30-CA4CA0CF2F4C" value="false"/>
</engineerTo>
<pk>true</pk>
<usedAttributes>
<attributeRef>0F692646-4C43-699B-1B95-DDE76791F5CF</attributeRef>
</usedAttributes>
</identifier>
</identifiers>
</Entity>