<?xml version = '1.0' encoding = 'UTF-8'?>
<Entity class="oracle.dbtools.crest.model.design.logical.Entity" directorySegmentName="seg_0" id="DE9A6BE9-B22F-FBFD-B81E-4FB26B79B5C6" name="KWN_ENTITY">
<createdBy>jacob</createdBy>
<createdTime>2024-09-17 15:08:13 UTC</createdTime>
<ownerDesignName>SoftwareEgr</ownerDesignName>
<engineerTo>
<item key="24742A70-C9D1-27B9-EF30-CA4CA0CF2F4C" value="true"/>
</engineerTo>
<adequatelyNormalized>NO</adequatelyNormalized>
<expectedVolumes>0</expectedVolumes>
<fwdEngineeringStrategyName>Single Table</fwdEngineeringStrategyName>
<growthPercent>0</growthPercent>
<growthType>Year</growthType>
<maxVolumes>9999999</maxVolumes>
<minVolumes>0</minVolumes>
<normalForm>Third</normalForm>
<attributes itemClass="oracle.dbtools.crest.model.design.logical.Attribute">
<Attribute name="EntityID" id="1B07CD4B-273F-A014-E160-9A1BFB9344BF">
<createdBy>jacob</createdBy>
<createdTime>2024-09-17 15:55:56 UTC</createdTime>
<ownerDesignName>SoftwareEgr</ownerDesignName>
<engineerTo>
<item key="24742A70-C9D1-27B9-EF30-CA4CA0CF2F4C" value="true"/>
</engineerTo>
<useDomainConstraints>false</useDomainConstraints>
<use>1</use>
<logicalDatatype>LOGDT019</logicalDatatype>
<ownDataTypeParameters>,,</ownDataTypeParameters>
</Attribute>
<Attribute name="EntityType" id="46D80FB4-5CA2-8A27-2EBD-3852EAFEEBC1">
<createdBy>jacob</createdBy>
<createdTime>2024-09-19 14:40:30 UTC</createdTime>
<ownerDesignName>SoftwareEgr</ownerDesignName>
<engineerTo>
<item key="24742A70-C9D1-27B9-EF30-CA4CA0CF2F4C" value="true"/>
</engineerTo>
<nullsAllowed>true</nullsAllowed>
<useDomainConstraints>false</useDomainConstraints>
<use>1</use>
<logicalDatatype>LOGDT024</logicalDatatype>
<dataTypeSize>MAX_STRING_SIZE</dataTypeSize>
<ownDataTypeParameters>MAX_STRING_SIZE,,</ownDataTypeParameters>
</Attribute>
<Attribute name="EntityOrigin" id="1C7D1142-7B9D-2407-770B-431E631ED6B3">
<createdBy>jacob</createdBy>
<createdTime>2024-09-19 14:42:17 UTC</createdTime>
<ownerDesignName>SoftwareEgr</ownerDesignName>
<engineerTo>
<item key="24742A70-C9D1-27B9-EF30-CA4CA0CF2F4C" value="true"/>
</engineerTo>
<nullsAllowed>true</nullsAllowed>
<useDomainConstraints>false</useDomainConstraints>
<use>1</use>
<logicalDatatype>LOGDT024</logicalDatatype>
<dataTypeSize>MAX_STRING_SIZE BYTE</dataTypeSize>
<ownDataTypeParameters>MAX_STRING_SIZE BYTE,,</ownDataTypeParameters>
</Attribute>
<Attribute name="EntityAbilities" id="38BD38F8-E72B-68DB-954F-192314EC2492">
<createdBy>jacob</createdBy>
<createdTime>2024-09-19 14:42:11 UTC</createdTime>
<ownerDesignName>SoftwareEgr</ownerDesignName>
<engineerTo>
<item key="24742A70-C9D1-27B9-EF30-CA4CA0CF2F4C" value="true"/>
</engineerTo>
<nullsAllowed>true</nullsAllowed>
<useDomainConstraints>false</useDomainConstraints>
<use>1</use>
<logicalDatatype>LOGDT024</logicalDatatype>
<dataTypeSize>MAX_STRING_SIZE BYTE</dataTypeSize>
<ownDataTypeParameters>MAX_STRING_SIZE BYTE,,</ownDataTypeParameters>
</Attribute>
<Attribute name="EntityBehavior" id="56EB43A6-DFD3-2F45-AD88-13BCB6FE9FEB">
<createdBy>jacob</createdBy>
<createdTime>2024-09-19 14:43:52 UTC</createdTime>
<ownerDesignName>SoftwareEgr</ownerDesignName>
<engineerTo>
<item key="24742A70-C9D1-27B9-EF30-CA4CA0CF2F4C" value="true"/>
</engineerTo>
<nullsAllowed>true</nullsAllowed>
<useDomainConstraints>false</useDomainConstraints>
<use>1</use>
<logicalDatatype>LOGDT024</logicalDatatype>
<dataTypeSize>MAX_STRING_SIZE BYTE</dataTypeSize>
<ownDataTypeParameters>MAX_STRING_SIZE BYTE,,</ownDataTypeParameters>
</Attribute>
<Attribute name="EntityAppearance" id="95377407-8C69-6580-2915-EF373DD9778C">
<createdBy>jacob</createdBy>
<createdTime>2024-09-19 14:43:17 UTC</createdTime>
<ownerDesignName>SoftwareEgr</ownerDesignName>
<engineerTo>
<item key="24742A70-C9D1-27B9-EF30-CA4CA0CF2F4C" value="true"/>
</engineerTo>
<nullsAllowed>true</nullsAllowed>
<useDomainConstraints>false</useDomainConstraints>
<use>1</use>
<logicalDatatype>LOGDT024</logicalDatatype>
<dataTypeSize>MAX_STRING_SIZE BYTE</dataTypeSize>
<ownDataTypeParameters>MAX_STRING_SIZE BYTE,,</ownDataTypeParameters>
</Attribute>
<Attribute name="EntityEvidenceEMF5" id="8B42B354-6B3C-9684-56AF-7B47BB3D381F">
<createdBy>jacob</createdBy>
<createdTime>2024-09-19 15:37:15 UTC</createdTime>
<ownerDesignName>SoftwareEgr</ownerDesignName>
<engineerTo>
<item key="24742A70-C9D1-27B9-EF30-CA4CA0CF2F4C" value="true"/>
</engineerTo>
<nullsAllowed>true</nullsAllowed>
<useDomainConstraints>false</useDomainConstraints>
<use>1</use>
<logicalDatatype>LOGDT006</logicalDatatype>
<dataTypeSize>1</dataTypeSize>
<ownDataTypeParameters>1,,</ownDataTypeParameters>
</Attribute>
<Attribute name="EntityEvidenceGhostOrbs" id="A5006004-4C57-FE5F-5F01-3967B5E69BAC">
<createdBy>jacob</createdBy>
<createdTime>2024-09-19 15:39:01 UTC</createdTime>
<ownerDesignName>SoftwareEgr</ownerDesignName>
<engineerTo>
<item key="24742A70-C9D1-27B9-EF30-CA4CA0CF2F4C" value="true"/>
</engineerTo>
<nullsAllowed>true</nullsAllowed>
<useDomainConstraints>false</useDomainConstraints>
<use>1</use>
<logicalDatatype>LOGDT006</logicalDatatype>
<dataTypeSize>1</dataTypeSize>
<ownDataTypeParameters>1,,</ownDataTypeParameters>
</Attribute>
<Attribute name="EntityEvidenceSpiritBox" id="20E0D394-FB73-134D-E48E-8F51DEFF312E">
<createdBy>jacob</createdBy>
<createdTime>2024-09-19 15:39:22 UTC</createdTime>
<ownerDesignName>SoftwareEgr</ownerDesignName>
<engineerTo>
<item key="24742A70-C9D1-27B9-EF30-CA4CA0CF2F4C" value="true"/>
</engineerTo>
<nullsAllowed>true</nullsAllowed>
<useDomainConstraints>false</useDomainConstraints>
<use>1</use>
<logicalDatatype>LOGDT006</logicalDatatype>
<dataTypeSize>1</dataTypeSize>
<ownDataTypeParameters>1,,</ownDataTypeParameters>
</Attribute>
<Attribute name="EntityEvidenceFreezingTemp" id="95B4B7C1-3D39-2594-AEAD-A1305B84390C">
<createdBy>jacob</createdBy>
<createdTime>2024-09-19 15:39:41 UTC</createdTime>
<ownerDesignName>SoftwareEgr</ownerDesignName>
<engineerTo>
<item key="24742A70-C9D1-27B9-EF30-CA4CA0CF2F4C" value="true"/>
</engineerTo>
<nullsAllowed>true</nullsAllowed>
<useDomainConstraints>false</useDomainConstraints>
<use>1</use>
<logicalDatatype>LOGDT006</logicalDatatype>
<dataTypeSize>1</dataTypeSize>
<ownDataTypeParameters>1,,</ownDataTypeParameters>
</Attribute>
<Attribute name="EntityEvidenceUV" id="CBE9330C-1C93-CCFB-6A42-0D3F25070345">
<createdBy>jacob</createdBy>
<createdTime>2024-09-19 14:42:03 UTC</createdTime>
<ownerDesignName>SoftwareEgr</ownerDesignName>
<engineerTo>
<item key="24742A70-C9D1-27B9-EF30-CA4CA0CF2F4C" value="true"/>
</engineerTo>
<nullsAllowed>true</nullsAllowed>
<useDomainConstraints>false</useDomainConstraints>
<use>1</use>
<logicalDatatype>LOGDT006</logicalDatatype>
<dataTypeSize>1</dataTypeSize>
<ownDataTypeParameters>1,,</ownDataTypeParameters>
</Attribute>
<Attribute name="EntityEvidenceGhostWriting" id="C17BC1ED-B136-6AE6-28A1-D681D47D0901">
<createdBy>jacob</createdBy>
<createdTime>2024-09-19 15:41:09 UTC</createdTime>
<ownerDesignName>SoftwareEgr</ownerDesignName>
<engineerTo>
<item key="24742A70-C9D1-27B9-EF30-CA4CA0CF2F4C" value="true"/>
</engineerTo>
<nullsAllowed>true</nullsAllowed>
<useDomainConstraints>false</useDomainConstraints>
<use>1</use>
<logicalDatatype>LOGDT006</logicalDatatype>
<dataTypeSize>1</dataTypeSize>
<ownDataTypeParameters>1,,</ownDataTypeParameters>
</Attribute>
<Attribute name="EntityEvidenceDOTS" id="6632E398-D4B0-8FBB-FC5B-B38DF14F45C5">
<createdBy>jacob</createdBy>
<createdTime>2024-09-19 15:43:54 UTC</createdTime>
<ownerDesignName>SoftwareEgr</ownerDesignName>
<engineerTo>
<item key="24742A70-C9D1-27B9-EF30-CA4CA0CF2F4C" value="true"/>
</engineerTo>
<nullsAllowed>true</nullsAllowed>
<useDomainConstraints>false</useDomainConstraints>
<use>1</use>
<logicalDatatype>LOGDT006</logicalDatatype>
<dataTypeSize>1</dataTypeSize>
<ownDataTypeParameters>1,,</ownDataTypeParameters>
</Attribute>
</attributes>
<identifiers itemClass="oracle.dbtools.crest.model.design.logical.CandidateKey">
<identifier id="DF56879D-67CE-281B-A3AA-679E0D59DE68" name="Known Entities PK">
<createdBy>jacob</createdBy>
<createdTime>2024-09-17 15:56:01 UTC</createdTime>
<ownerDesignName>SoftwareEgr</ownerDesignName>
<shouldEngineer>false</shouldEngineer>
<engineerTo>
<item key="24742A70-C9D1-27B9-EF30-CA4CA0CF2F4C" value="false"/>
</engineerTo>
<pk>true</pk>
<usedAttributes>
<attributeRef>1B07CD4B-273F-A014-E160-9A1BFB9344BF</attributeRef>
</usedAttributes>
</identifier>
</identifiers>
</Entity>