<?xml version = '1.0' encoding = 'UTF-8'?>
<Diagram class="oracle.dbtools.crest.swingui.relational.DPVRelational" name="Relational_1" id="346C2BF0-EE7C-3686-85D5-2E45B2D6A5FB">
<createdBy>jacob</createdBy>
<modifiedBy>jacob</modifiedBy>
<createdTime>2024-09-17 16:17:39 UTC</createdTime>
<autoRoute>false</autoRoute>
<boxInbox>true</boxInbox>
<showLegend>false</showLegend>
<showLabels>false</showLabels>
<showRelAttributes>false</showRelAttributes>
<gridEnabled>false</gridEnabled>
<showGrid>false</showGrid>
<diagramColor>-1</diagramColor>
<display>false</display>
<notation>1</notation>
<objectViews>
<OView class="oracle.dbtools.crest.swingui.relational.TVTable" oid="6E6E4B2B-54EA-FA7F-A20F-FC23969B8197" otype="Table" vid="95316FC2-4624-45AC-B2A5-683F9B83A948">
<hideElementsInCurrentOnly>false</hideElementsInCurrentOnly>
<bounds x="924" y="367" width="125" height="95"/>
</OView>
<OView class="oracle.dbtools.crest.swingui.relational.TVTable" oid="96E7C903-F9F0-1C46-82C4-9090504F1A94" otype="Table" vid="F904219A-2F49-DCDF-493D-635CC3A67648">
<hideElementsInCurrentOnly>false</hideElementsInCurrentOnly>
<bounds x="329" y="214" width="171" height="209"/>
</OView>
<OView class="oracle.dbtools.crest.swingui.relational.TVTable" oid="AD00BBFB-C21A-2297-0C3C-694E2189222F" otype="Table" vid="B5307693-2EC7-E318-3993-9D683112CDA8">
<hideElementsInCurrentOnly>false</hideElementsInCurrentOnly>
<bounds x="648" y="235" width="174" height="205"/>
</OView>
<OView class="oracle.dbtools.crest.swingui.relational.TVTable" oid="C62032D0-35EA-49E3-E103-33A8FBDDF936" otype="Table" vid="43ACD7AA-36BA-D818-FBB7-F66503DD08E7">
<hideElementsInCurrentOnly>false</hideElementsInCurrentOnly>
<bounds x="918" y="156" width="136" height="146"/>
</OView>
<OView class="oracle.dbtools.crest.swingui.relational.TVTable" oid="E697A5BA-5606-5C79-F0AB-34E5C2CCD0CF" otype="Table" vid="1088674A-C8B5-929E-0D4E-0C1D6E0DC301">
<hideElementsInCurrentOnly>false</hideElementsInCurrentOnly>
<bounds x="1182" y="192" width="98" height="71"/>
</OView>
</objectViews>
<connectors>
<Connector class="oracle.dbtools.crest.swingui.relational.TVFKRelation" oid="2786A5B9-CC26-2DE1-A9B2-34F4A311C647" otype="FKIndexAssociation" vid_source="F904219A-2F49-DCDF-493D-635CC3A67648" vid_target="B5307693-2EC7-E318-3993-9D683112CDA8">
<hideElementsInCurrentOnly>false</hideElementsInCurrentOnly>
<backgroundColor>-16777216</backgroundColor>
<lineWidth>1</lineWidth>
<points>
<point x="500" y="344"/>
<point x="648" y="329"/>
</points>
</Connector>
<Connector class="oracle.dbtools.crest.swingui.relational.TVFKRelation" oid="420DEF38-4E67-FBDD-B7FE-832CE8035B25" otype="FKIndexAssociation" vid_source="1088674A-C8B5-929E-0D4E-0C1D6E0DC301" vid_target="43ACD7AA-36BA-D818-FBB7-F66503DD08E7">
<hideElementsInCurrentOnly>false</hideElementsInCurrentOnly>
<backgroundColor>-16777216</backgroundColor>
<lineWidth>1</lineWidth>
<points>
<point x="1182" y="242"/>
<point x="1054" y="242"/>
</points>
</Connector>
<Connector class="oracle.dbtools.crest.swingui.relational.TVFKRelation" oid="46E34CD4-E929-E39D-51C6-3454B8E3A7BE" otype="FKIndexAssociation" vid_source="95316FC2-4624-45AC-B2A5-683F9B83A948" vid_target="43ACD7AA-36BA-D818-FBB7-F66503DD08E7">
<hideElementsInCurrentOnly>false</hideElementsInCurrentOnly>
<backgroundColor>-16777216</backgroundColor>
<lineWidth>1</lineWidth>
<points>
<point x="986" y="367"/>
<point x="986" y="302"/>
</points>
</Connector>
<Connector class="oracle.dbtools.crest.swingui.relational.TVFKRelation" oid="7BABB1ED-D093-329D-30CC-BEB727155E8D" otype="FKIndexAssociation" vid_source="B5307693-2EC7-E318-3993-9D683112CDA8" vid_target="43ACD7AA-36BA-D818-FBB7-F66503DD08E7">
<hideElementsInCurrentOnly>false</hideElementsInCurrentOnly>
<backgroundColor>-16777216</backgroundColor>
<lineWidth>1</lineWidth>
<points>
<point x="822" y="268"/>
<point x="918" y="268"/>
</points>
</Connector>
<Connector class="oracle.dbtools.crest.swingui.relational.TVFKRelation" oid="F42D8CF2-7AA2-193C-0F46-5C5A038588F9" otype="FKIndexAssociation" vid_source="95316FC2-4624-45AC-B2A5-683F9B83A948" vid_target="B5307693-2EC7-E318-3993-9D683112CDA8">
<hideElementsInCurrentOnly>false</hideElementsInCurrentOnly>
<backgroundColor>-16777216</backgroundColor>
<lineWidth>1</lineWidth>
<points>
<point x="924" y="403"/>
<point x="822" y="403"/>
</points>
</Connector>
</connectors>
</Diagram>