<?xml version = '1.0' encoding = 'UTF-8'?>
<Diagram class="oracle.dbtools.crest.swingui.relational.DPVRelationalSubView" name="From_LM_Logical - SubView_1" id="3BE64069-8224-D949-BB92-98677FB54668">
<createdBy>jacob</createdBy>
<modifiedBy>jacob</modifiedBy>
<createdTime>2024-09-19 15:17:30 UTC</createdTime>
<autoRoute>false</autoRoute>
<boxInbox>true</boxInbox>
<showLegend>false</showLegend>
<showLabels>false</showLabels>
<showRelAttributes>false</showRelAttributes>
<gridEnabled>false</gridEnabled>
<showGrid>false</showGrid>
<diagramColor>-1</diagramColor>
<display>false</display>
<generatorId>2ADA7494-6728-8030-C996-CA0A2B60E207</generatorId>
<notation>1</notation>
</Diagram>