<?xml version = '1.0' encoding = 'UTF-8'?>
<FKIndexAssociation class="oracle.dbtools.crest.model.design.relational.FKIndexAssociation" directorySegmentName="seg_0" id="2786A5B9-CC26-2DE1-A9B2-34F4A311C647" containerWithKeyObject="AD00BBFB-C21A-2297-0C3C-694E2189222F" localFKIndex="8D20B873-7132-FB0A-3D7D-6E86CBE39734" name="RPT_ENTITY_KWN_ENTITY_FK">
<createdBy>jacob</createdBy>
<createdTime>2024-09-19 15:56:29 UTC</createdTime>
<generatorID>919FFA31-DFE5-2DA5-B6D9-96A14FF98A82</generatorID>
<ownerDesignName>SoftwareEgr</ownerDesignName>
<referredTableLongName>KWN_ENTITY</referredTableLongName>
<deleteRule>NO ACTION</deleteRule>
<referredTableID>96E7C903-F9F0-1C46-82C4-9090504F1A94</referredTableID>
<keyObject>9DD9D309-31AD-4557-83B5-DA30A5963CC1</keyObject>
<referredKeyID>9DD9D309-31AD-4557-83B5-DA30A5963CC1</referredKeyID>
<mandatory>true</mandatory>
<refColNames>EntityID</refColNames>
<transferable>true</transferable>
<rely>false</rely>
<columnDependencyConstraintGenerateInDDL>true</columnDependencyConstraintGenerateInDDL>
</FKIndexAssociation>