<?xml version = '1.0' encoding = 'UTF-8'?>
<FKIndexAssociation class="oracle.dbtools.crest.model.design.relational.FKIndexAssociation" directorySegmentName="seg_0" id="420DEF38-4E67-FBDD-B7FE-832CE8035B25" containerWithKeyObject="C62032D0-35EA-49E3-E103-33A8FBDDF936" localFKIndex="3357971E-A8BC-3F49-3398-E07AC5F13C70" name="REPORT_USER_FK">
<createdBy>jacob</createdBy>
<createdTime>2024-10-01 15:02:40 UTC</createdTime>
<generatorID>394E9FA8-DB46-5B5D-51EE-503CAF9F890E</generatorID>
<ownerDesignName>SoftwareEgr</ownerDesignName>
<referredTableLongName>USER</referredTableLongName>
<deleteRule>NO ACTION</deleteRule>
<referredTableID>E697A5BA-5606-5C79-F0AB-34E5C2CCD0CF</referredTableID>
<keyObject>EFC3EDD7-0F60-5431-71AB-3C7F73C54980</keyObject>
<referredKeyID>EFC3EDD7-0F60-5431-71AB-3C7F73C54980</referredKeyID>
<mandatory>true</mandatory>
<refColNames>USERID</refColNames>
<transferable>true</transferable>
<rely>false</rely>
<columnDependencyConstraintGenerateInDDL>true</columnDependencyConstraintGenerateInDDL>
</FKIndexAssociation>