<?xml version = '1.0' encoding = 'UTF-8'?>
<FKIndexAssociation class="oracle.dbtools.crest.model.design.relational.FKIndexAssociation" directorySegmentName="seg_0" id="46E34CD4-E929-E39D-51C6-3454B8E3A7BE" containerWithKeyObject="C62032D0-35EA-49E3-E103-33A8FBDDF936" localFKIndex="CE6A13C4-31DB-A638-DE3B-BA5DE9CB425B" name="REPORT_LOCATION_FK">
<createdBy>jacob</createdBy>
<createdTime>2024-09-19 15:56:29 UTC</createdTime>
<generatorID>C13A7B80-C17A-94E9-DA4A-89FA15382EE7</generatorID>
<ownerDesignName>SoftwareEgr</ownerDesignName>
<referredTableLongName>LOCATION</referredTableLongName>
<deleteRule>NO ACTION</deleteRule>
<referredTableID>6E6E4B2B-54EA-FA7F-A20F-FC23969B8197</referredTableID>
<keyObject>18BC136F-8A73-C4AE-701D-60BA16AD0418</keyObject>
<referredKeyID>18BC136F-8A73-C4AE-701D-60BA16AD0418</referredKeyID>
<mandatory>true</mandatory>
<refColNames>LocationID</refColNames>
<transferable>true</transferable>
<rely>false</rely>
<columnDependencyConstraintGenerateInDDL>true</columnDependencyConstraintGenerateInDDL>
</FKIndexAssociation>