<?xml version = '1.0' encoding = 'UTF-8'?>
<FKIndexAssociation class="oracle.dbtools.crest.model.design.relational.FKIndexAssociation" directorySegmentName="seg_0" id="7BABB1ED-D093-329D-30CC-BEB727155E8D" containerWithKeyObject="C62032D0-35EA-49E3-E103-33A8FBDDF936" localFKIndex="FE1577DA-EC5E-95BA-2000-15BF47446DE1" name="REPORT_RPT_ENTITY_FK">
<createdBy>jacob</createdBy>
<createdTime>2024-09-19 15:56:29 UTC</createdTime>
<generatorID>87A0C8FC-D4A6-D01B-8F08-DE63B64262BF</generatorID>
<ownerDesignName>SoftwareEgr</ownerDesignName>
<referredTableLongName>RPT_ENTITY</referredTableLongName>
<deleteRule>NO ACTION</deleteRule>
<referredTableID>AD00BBFB-C21A-2297-0C3C-694E2189222F</referredTableID>
<keyObject>8E57A558-73F7-E79B-571E-F15D0F1B0DE6</keyObject>
<referredKeyID>8E57A558-73F7-E79B-571E-F15D0F1B0DE6</referredKeyID>
<mandatory>true</mandatory>
<refColNames>ReportedEntityID</refColNames>
<transferable>true</transferable>
<rely>false</rely>
<columnDependencyConstraintGenerateInDDL>true</columnDependencyConstraintGenerateInDDL>
</FKIndexAssociation>