<?xml version = '1.0' encoding = 'UTF-8'?>
<FKIndexAssociation class="oracle.dbtools.crest.model.design.relational.FKIndexAssociation" directorySegmentName="seg_0" id="F42D8CF2-7AA2-193C-0F46-5C5A038588F9" containerWithKeyObject="AD00BBFB-C21A-2297-0C3C-694E2189222F" localFKIndex="E075554C-A027-E105-CBE0-1E7FA7B87BE4" name="RPT_ENTITY_LOCATION_FK">
<createdBy>jacob</createdBy>
<createdTime>2024-09-19 15:56:29 UTC</createdTime>
<generatorID>4E5FE4AA-ADE9-081B-B898-FCE0CEFFD76B</generatorID>
<ownerDesignName>SoftwareEgr</ownerDesignName>
<referredTableLongName>LOCATION</referredTableLongName>
<deleteRule>NO ACTION</deleteRule>
<referredTableID>6E6E4B2B-54EA-FA7F-A20F-FC23969B8197</referredTableID>
<keyObject>18BC136F-8A73-C4AE-701D-60BA16AD0418</keyObject>
<referredKeyID>18BC136F-8A73-C4AE-701D-60BA16AD0418</referredKeyID>
<mandatory>true</mandatory>
<refColNames>LocationID</refColNames>
<transferable>true</transferable>
<rely>false</rely>
<columnDependencyConstraintGenerateInDDL>true</columnDependencyConstraintGenerateInDDL>
</FKIndexAssociation>