<?xml version = '1.0' encoding = 'UTF-8'?>
<Relation class="oracle.dbtools.crest.model.design.logical.Relation" name="Relation_9" directorySegmentName="seg_0" id="394E9FA8-DB46-5B5D-51EE-503CAF9F890E">
<createdBy>jacob</createdBy>
<createdTime>2024-09-26 14:09:16 UTC</createdTime>
<ownerDesignName>SoftwareEgr</ownerDesignName>
<engineerTo>
<item key="24742A70-C9D1-27B9-EF30-CA4CA0CF2F4C" value="true"/>
</engineerTo>
<sourcePk>CBF8C27C-C36F-D5A5-1E35-4AE649D4BED1</sourcePk>
<identifying>false</identifying>
<optionalSource>true</optionalSource>
<optionalTarget>false</optionalTarget>
<sourceCardinality>1</sourceCardinality>
<sourceEntity>CA6167E1-707C-8934-4901-681AE80D9AD1</sourceEntity>
<targetCardinalityString>*</targetCardinalityString>
<targetEntity>066DEF7C-3CEC-0218-08BC-CAC954DA1499</targetEntity>
<transferable>true</transferable>
<deleteRule>NO ACTION</deleteRule>
</Relation>