<?xml version = '1.0' encoding = 'UTF-8'?>
<Relation class="oracle.dbtools.crest.model.design.logical.Relation" name="Relation_6" directorySegmentName="seg_0" id="4E5FE4AA-ADE9-081B-B898-FCE0CEFFD76B">
<createdBy>jacob</createdBy>
<createdTime>2024-09-19 15:53:35 UTC</createdTime>
<ownerDesignName>SoftwareEgr</ownerDesignName>
<engineerTo>
<item key="24742A70-C9D1-27B9-EF30-CA4CA0CF2F4C" value="true"/>
</engineerTo>
<sourcePk>33934D01-A70B-BE89-994E-9EC2C78A3B0D</sourcePk>
<identifying>false</identifying>
<optionalSource>true</optionalSource>
<optionalTarget>false</optionalTarget>
<sourceCardinality>1</sourceCardinality>
<sourceEntity>C2740EDD-9FAD-CAF8-3331-0D5274407606</sourceEntity>
<targetCardinalityString>*</targetCardinalityString>
<targetEntity>B93CABB6-39AC-22EF-9718-A558CF58BF19</targetEntity>
<transferable>true</transferable>
<deleteRule>NO ACTION</deleteRule>
</Relation>