<?xml version = '1.0' encoding = 'UTF-8'?>
<Relation class="oracle.dbtools.crest.model.design.logical.Relation" name="Relation_11" directorySegmentName="seg_0" id="87A0C8FC-D4A6-D01B-8F08-DE63B64262BF">
<createdBy>jacob</createdBy>
<createdTime>2024-09-17 15:29:28 UTC</createdTime>
<ownerDesignName>SoftwareEgr</ownerDesignName>
<engineerTo>
<item key="24742A70-C9D1-27B9-EF30-CA4CA0CF2F4C" value="true"/>
</engineerTo>
<sourcePk>C3C6E0B7-2C01-432D-0961-BCEDBFEDD2C3</sourcePk>
<identifying>false</identifying>
<optionalSource>true</optionalSource>
<optionalTarget>false</optionalTarget>
<sourceCardinality>1</sourceCardinality>
<sourceEntity>B93CABB6-39AC-22EF-9718-A558CF58BF19</sourceEntity>
<targetCardinalityString>*</targetCardinalityString>
<targetEntity>066DEF7C-3CEC-0218-08BC-CAC954DA1499</targetEntity>
<transferable>true</transferable>
<deleteRule>NO ACTION</deleteRule>
</Relation>