<?xml version = '1.0' encoding = 'UTF-8'?>
<Relation class="oracle.dbtools.crest.model.design.logical.Relation" name="Relation_7" directorySegmentName="seg_0" id="919FFA31-DFE5-2DA5-B6D9-96A14FF98A82">
<createdBy>jacob</createdBy>
<createdTime>2024-09-17 15:27:16 UTC</createdTime>
<ownerDesignName>SoftwareEgr</ownerDesignName>
<engineerTo>
<item key="24742A70-C9D1-27B9-EF30-CA4CA0CF2F4C" value="true"/>
</engineerTo>
<sourcePk>DF56879D-67CE-281B-A3AA-679E0D59DE68</sourcePk>
<identifying>false</identifying>
<optionalSource>true</optionalSource>
<optionalTarget>false</optionalTarget>
<sourceCardinality>1</sourceCardinality>
<sourceEntity>DE9A6BE9-B22F-FBFD-B81E-4FB26B79B5C6</sourceEntity>
<targetCardinalityString>*</targetCardinalityString>
<targetEntity>B93CABB6-39AC-22EF-9718-A558CF58BF19</targetEntity>
<transferable>true</transferable>
<deleteRule>NO ACTION</deleteRule>
</Relation>