<?xml version = '1.0' encoding = 'UTF-8'?>
<Relation class="oracle.dbtools.crest.model.design.logical.Relation" name="Relation_8" directorySegmentName="seg_0" id="C13A7B80-C17A-94E9-DA4A-89FA15382EE7">
<createdBy>jacob</createdBy>
<createdTime>2024-09-19 15:54:46 UTC</createdTime>
<ownerDesignName>SoftwareEgr</ownerDesignName>
<engineerTo>
<item key="24742A70-C9D1-27B9-EF30-CA4CA0CF2F4C" value="true"/>
</engineerTo>
<sourcePk>33934D01-A70B-BE89-994E-9EC2C78A3B0D</sourcePk>
<identifying>false</identifying>
<optionalSource>true</optionalSource>
<optionalTarget>false</optionalTarget>
<sourceCardinality>1</sourceCardinality>
<sourceEntity>C2740EDD-9FAD-CAF8-3331-0D5274407606</sourceEntity>
<targetCardinalityString>*</targetCardinalityString>
<targetEntity>066DEF7C-3CEC-0218-08BC-CAC954DA1499</targetEntity>
<transferable>true</transferable>
<deleteRule>NO ACTION</deleteRule>
</Relation>