<?xml version = '1.0' encoding = 'UTF-8'?>
<Diagram class="oracle.dbtools.crest.swingui.logical.DPVLogical" name="Logical" id="40B23475-FC9D-EA84-3287-CA08AB5E4B9C">
<createdBy>jacob</createdBy>
<modifiedBy>jacob</modifiedBy>
<createdTime>2024-09-17 15:07:57 UTC</createdTime>
<autoRoute>false</autoRoute>
<boxInbox>true</boxInbox>
<showLegend>false</showLegend>
<showLabels>false</showLabels>
<showRelAttributes>false</showRelAttributes>
<gridEnabled>false</gridEnabled>
<showGrid>false</showGrid>
<diagramColor>-1</diagramColor>
<display>false</display>
<notation>1</notation>
<objectViews>
<OView class="oracle.dbtools.crest.swingui.logical.TVEntity" oid="066DEF7C-3CEC-0218-08BC-CAC954DA1499" otype="Entity" vid="6A9B5568-EA47-BCB3-BA1B-2A5624353297">
<hideElementsInCurrentOnly>false</hideElementsInCurrentOnly>
<bounds x="918" y="156" width="136" height="146"/>
</OView>
<OView class="oracle.dbtools.crest.swingui.logical.TVEntity" oid="B93CABB6-39AC-22EF-9718-A558CF58BF19" otype="Entity" vid="76E2417D-678C-0003-6BB2-9F0F865532A7">
<hideElementsInCurrentOnly>false</hideElementsInCurrentOnly>
<bounds x="648" y="235" width="174" height="205"/>
</OView>
<OView class="oracle.dbtools.crest.swingui.logical.TVEntity" oid="C2740EDD-9FAD-CAF8-3331-0D5274407606" otype="Entity" vid="779BC1A8-1E82-5292-EEE6-81CEA51D5EB7">
<hideElementsInCurrentOnly>false</hideElementsInCurrentOnly>
<bounds x="924" y="367" width="125" height="95"/>
</OView>
<OView class="oracle.dbtools.crest.swingui.logical.TVEntity" oid="CA6167E1-707C-8934-4901-681AE80D9AD1" otype="Entity" vid="46159C4C-354C-5D30-BAFC-48EE54D3FA2C">
<hideElementsInCurrentOnly>false</hideElementsInCurrentOnly>
<bounds x="1182" y="192" width="98" height="71"/>
</OView>
<OView class="oracle.dbtools.crest.swingui.logical.TVEntity" oid="DE9A6BE9-B22F-FBFD-B81E-4FB26B79B5C6" otype="Entity" vid="73F567DA-6761-9457-A97C-B816A88B8961">
<hideElementsInCurrentOnly>false</hideElementsInCurrentOnly>
<bounds x="329" y="214" width="171" height="209"/>
</OView>
</objectViews>
<connectors>
<Connector class="oracle.dbtools.crest.swingui.logical.TVRelation" oid="394E9FA8-DB46-5B5D-51EE-503CAF9F890E" otype="Relation" vid_source="46159C4C-354C-5D30-BAFC-48EE54D3FA2C" vid_target="6A9B5568-EA47-BCB3-BA1B-2A5624353297">
<hideElementsInCurrentOnly>false</hideElementsInCurrentOnly>
<backgroundColor>-16777216</backgroundColor>
<lineWidth>1</lineWidth>
<points>
<point x="1182" y="242"/>
<point x="1054" y="242"/>
</points>
</Connector>
<Connector class="oracle.dbtools.crest.swingui.logical.TVRelation" oid="4E5FE4AA-ADE9-081B-B898-FCE0CEFFD76B" otype="Relation" vid_source="779BC1A8-1E82-5292-EEE6-81CEA51D5EB7" vid_target="76E2417D-678C-0003-6BB2-9F0F865532A7">
<hideElementsInCurrentOnly>false</hideElementsInCurrentOnly>
<backgroundColor>-16777216</backgroundColor>
<lineWidth>1</lineWidth>
<points>
<point x="924" y="403"/>
<point x="822" y="403"/>
</points>
</Connector>
<Connector class="oracle.dbtools.crest.swingui.logical.TVRelation" oid="87A0C8FC-D4A6-D01B-8F08-DE63B64262BF" otype="Relation" vid_source="76E2417D-678C-0003-6BB2-9F0F865532A7" vid_target="6A9B5568-EA47-BCB3-BA1B-2A5624353297">
<hideElementsInCurrentOnly>false</hideElementsInCurrentOnly>
<backgroundColor>-16777216</backgroundColor>
<lineWidth>1</lineWidth>
<points>
<point x="822" y="268"/>
<point x="918" y="268"/>
</points>
</Connector>
<Connector class="oracle.dbtools.crest.swingui.logical.TVRelation" oid="919FFA31-DFE5-2DA5-B6D9-96A14FF98A82" otype="Relation" vid_source="73F567DA-6761-9457-A97C-B816A88B8961" vid_target="76E2417D-678C-0003-6BB2-9F0F865532A7">
<hideElementsInCurrentOnly>false</hideElementsInCurrentOnly>
<backgroundColor>-16777216</backgroundColor>
<lineWidth>1</lineWidth>
<points>
<point x="500" y="329"/>
<point x="648" y="329"/>
</points>
</Connector>
<Connector class="oracle.dbtools.crest.swingui.logical.TVRelation" oid="C13A7B80-C17A-94E9-DA4A-89FA15382EE7" otype="Relation" vid_source="779BC1A8-1E82-5292-EEE6-81CEA51D5EB7" vid_target="6A9B5568-EA47-BCB3-BA1B-2A5624353297">
<hideElementsInCurrentOnly>false</hideElementsInCurrentOnly>
<backgroundColor>-16777216</backgroundColor>
<lineWidth>1</lineWidth>
<points>
<point x="986" y="367"/>
<point x="986" y="302"/>
</points>
</Connector>
</connectors>
</Diagram>